order_id,item_id,sku,amount
7GGEXTQ,0bfc6bfa-127d-4174-a08d-78d6a2f8139d,ABDC5434REDZZZZZ00,90.91
24R7QZB,10f87bcd-d23a-42b0-b07a-aa8a0fa3dd31,DIOZZ435BCKME05000,1735.54
XBB36EC,75fa9699-e548-4d94-8205-fc993b1fdf43,ABDC5434REDZZZZZ00,90.91
XBB36EC,5a77cf8f-2eb0-4d8e-bc85-e87fc8472946,ABDC5434REDZZZZZ00,90.91
XBB36EC,d564fcc5-512a-4bfa-a10b-f8c901beedaf,ABDC5434REDZZZZZ00,90.91
N763Z4Z,f0a4d0cd-b959-4cec-b117-41562d2fd704,ABDC5434REDZZZZZ00,90.91
UGJCWDS,96842930-77e0-4da5-8b47-c16e90f22ae8,ABDC5434REDZZZZZ00,81.82
D55GE58,11361aba-357f-41d9-941e-2e6d378ede81,ABDC5434REDZZZZZ00,90.91
SSBUEXV,b93b9d6c-b4da-47ba-881a-2f7b5b4e322d,ABDC5434REDZZZZZ00,90.91
QP5YQVR,7460885e-5c2e-479d-b7d3-2842dc1e6a80,ABDC5434REDZZZZZ00,90.91
RFUMJAT,f6c92688-8ae7-4f06-86f8-9ae8fd274a3e,ABDC5434REDZZZZZ00,90.91
EV5X8RC,32330af5-dabb-4b89-bf3d-70b663d8a073,ABDC5434REDZZZZZ00,90.91
J8XD775,e529169b-1c70-4436-a2b6-093f55d57508,ABDC5434REDZZZZZ00,90.91
4B35PY7,51302036-64d5-4fce-804a-4ba30f0d59e3,ABDC5434REDZZZZZ00,90.91
EYFEKUC,de2d923b-7c78-424e-b820-d77e95905c08,ABDC5434REDZZZZZ00,90.91
4WCMSYD,106e7499-6e8a-4734-8504-6685e0370e6a,ABDC5434REDZZZZZ00,90.91
PWZ78VZ,204d386f-9b0d-40a6-8292-231dc66c9c96,ABDC5434REDZZZZZ00,90.91
TUSR7VF,2eaba20e-17ea-46c2-bde6-0f10ca83c43f,LOEM26ABBRWZZZZZ00,983.47
QYD95RU,4b6a73c3-55ae-4796-a404-6ff15166fffd,VER6Q3AUWHTSI37000,657.02
WF4TMQK,8927a955-4dfb-4c2f-8f5d-589720b42f72,WHAP66T4BEIWI03600,331.4
29QPQ3U,7d6056cd-b938-4da4-b87a-cb4d0c251fce,ABDC5434REDZZZZZ00,90.91
UJJ7GE3,c947891f-8539-47e8-8b53-cc572751001c,ABDC5434REDZZZZZ00,90.91
VBZ7ZF3,d70f35ee-5c6c-4e27-8916-49d76d3ca5d0,BYRZ53R4ZZZZZZZZ00,42.98
TYK46PV,017f9b1c-42c5-4cec-80aa-609352150542,LVU93TR8GOLBCT0S00,1712.4
FB9U4CC,9982469b-c04f-4555-a1ac-a9cca43343b7,DIO9Z7H6BLUSI40000,652.89
8XX9T2V,93900c64-c5e8-49a6-90b4-2e48b84cffd2,ABDC5434REDZZZZZ00,90.91
7VSR79C,19521a6a-a0dd-46f4-89bd-edca4147db26,ABDC5434REDZZZZZ00,90.91
S5UP2GW,c995503d-edee-4776-8d30-3e99e1a0612d,ABDC5434REDZZZZZ00,90.91
YNPPRMA,df9cf6d6-1625-4c29-a51f-fdece74057be,ABDC5434REDZZZZZ00,90.91
5JE3PQ5,ac2900cf-a9a8-4489-9ed5-652ae7cc45e3,ABDC5434REDZZZZZ00,90.91
B9QDXFD,b4159740-a2d7-4826-91f3-2991157ec6c4,ABDC5434REDZZZZZ00,90.91
87C9JBC,0e5f54ef-e825-4a3d-bdb3-62f6549a6b5c,ABDC5434REDZZZZZ00,90.91
SU6KND9,a2cbb23d-4335-4696-8fe8-4c29be73e510,ABDC5434REDZZZZZ00,90.91
JWGSXWB,1c43ef1d-9244-41b9-9dc0-582229949a8d,ABDC5434REDZZZZZ00,90.91
96TCDUC,dab84fcb-21fe-482b-adcf-2500125faea8,ABDC5434REDZZZZZ00,90.91
ZZNZQSE,994eae2b-a390-4122-af0f-57d94237fecb,ABDC5434REDZZZZZ00,90.91
SH6P7YJ,947f9bd5-07c0-41a4-89dd-c17d9edaba66,ABDC5434REDZZZZZ00,90.91
U3KRTUN,3c55a099-823f-4c08-91f0-48b82886b641,ABDC5434REDZZZZZ00,90.91
R54MPSC,fdca05d2-9344-4988-81f6-e0f0b5a60e06,ABDC5434REDZZZZZ00,90.91
S8WJURU,45094522-c3d7-49ff-9b6a-b1eef538b072,ABDC5434REDZZZZZ00,90.91
A4CVNBW,08aad6f8-0a15-48e7-9009-2d6712752d4e,ABDC5434REDZZZZZ00,90.91
47QE5MN,0b05adf3-02d4-4dc9-b523-97955d067458,ABDC5434REDZZZZZ00,90.91
GBMBM6C,d9b8f1d4-60d9-416b-b4d7-8f49ad9c34de,BOTJ62G7BCKZZZZZ00,3471.07
SWXY8SW,692faee1-0bfd-4486-9f50-53b0ce646389,ABDC5434REDZZZZZ00,90.91
2VE8C8T,79caad25-bd52-47b5-a9cd-23b66a0a253d,ABDC5434REDZZZZZ00,90.91
K7NTXZP,83539915-2ed9-4ddf-9542-ceab8af6fb50,ABDC5434REDZZZZZ00,90.91
ABGA3MY,c350306d-609e-4455-b597-aca44aeb231e,ABDC5434REDZZZZZ00,90.91
XPPTXHU,293039e9-9fa5-40e4-a58f-0e57599349a7,BYRZ53R4ZZZZZZZZ00,42.98
NGADPW2,5141b694-351f-462b-b6a1-438ed74e7f6a,LOECJVAFBEIZZZZZ00,280.99
NGADPW2,a9f4fd39-45f6-428e-9393-77d42949e668,LOECJVAFBEIZZZZZ00,280.99
7259QTU,7920b5ba-2c44-4b6f-a449-7458f0fb24e0,BYRZ53R4ZZZZZZZZ00,42.98
F4MSU4H,2041d164-5e7e-4589-a742-f4c630158122,LOECJVAFBEIZZZZZ00,280.99
B68WEUU,f11799fb-e758-4454-bbb9-fc2cde83ee49,LOECJVAFBEIZZZZZ00,280.99
U4QH94T,54e3400a-f67a-4189-b971-68e6eb86a2b6,BYRZ53R4ZZZZZZZZ00,42.98
KPG35W9,88690684-308c-4c2f-a867-11412f2f0403,BYRZ53R4ZZZZZZZZ00,42.98
2AJJNK6,db5807d9-54f0-481a-b0b9-e30cd38835bb,BYRZ53R4ZZZZZZZZ00,42.98
Z4X4QFY,6d64e1b2-72e3-4a5d-ba54-fc32608f89c1,BYRZ53R4ZZZZZZZZ00,42.98
3HYNEFQ,8161deb7-d032-498c-835e-c2c0c2461d6b,BYRZ53R4ZZZZZZZZ00,42.98
EZJKTY4,61882a62-fc27-4806-ac81-37fcadc7976d,ABDC5434REDZZZZZ00,90.91
VARHP63,62421848-bf76-46bc-8a62-0037e3a3d5be,ABDC5434REDZZZZZ00,90.91
NP4682X,5fe595e9-da11-4352-8a81-4eb715abeea6,ABDC5434REDZZZZZ00,90.91
YBHUTP4,4d46cd1d-82e9-4fac-ba4d-c806084bd322,ABDC5434REDZZZZZ00,90.91
7UKVTYE,63b31238-cfb5-41ef-b838-074ea7b27ab8,ABDC5434REDZZZZZ00,90.91
C4BCH55,7dc7abe5-1b66-469e-8198-b61479921977,ABDC5434REDZZZZZ00,90.91
HXEHSYE,d85bce6d-ca83-4ff5-a400-b7c5de3ece63,ABDC5434REDZZZZZ00,90.91
SV7V767,baca2b83-4cb8-456d-9d0c-1a979fd6c06a,LOEE3CP2BCKZZZZZ00,413.22
4EMDXZ2,973e8d1b-475d-4bd1-89c1-50c14e5d1bd2,ABDC5434REDZZZZZ00,90.91
R9UMCFT,7d83c161-3ef8-4d58-bfb4-05c6c92d0849,ABDC5434REDZZZZZ00,90.91
3DDMC5R,52a1b7a9-9b94-4376-8990-a9cea7333b1b,ABDC5434REDZZZZZ00,90.91
B6PPDTC,b445dcb4-5c3d-43b6-8c3a-d33fe4f67222,BYRZ53R4ZZZZZZZZ00,42.98
KFA97KQ,23d64f1f-256c-4168-a8f1-d1bb998094e7,BYRZ53R4ZZZZZZZZ00,42.98
6EHCDQQ,cbbcb9c8-8d7c-416d-9af7-8af7da0ce838,BYRZ53R4ZZZZZZZZ00,42.98
6EHCDQQ,da408672-2f7b-47fb-b00b-95a090b5353e,BYRZ53R4ZZZZZZZZ00,42.98
EN9URJZ,e6992767-5553-4e52-b64e-c50e753b576b,ABDC5434REDZZZZZ00,90.91
CC643YY,4b022a5e-991c-422b-939c-355a0f3618af,ABDC5434REDZZZZZ00,90.91
FGUYABQ,b28b9b3e-5a7a-47bd-95d9-3ba827c9197e,ABDC5434REDZZZZZ00,90.91
7XGQPP4,7f0e2bda-5c0b-44b1-bf16-928c4cc9f862,ABDC5434REDZZZZZ00,90.91
RJG5KDC,746cd94c-c60d-4313-8683-3488c74876a7,ABDC5434REDZZZZZ00,90.91
3G564BJ,11b53522-0bb7-4536-80c3-3e7524e8785c,ABDC5434REDZZZZZ00,90.91
X9DMEPM,5a800705-e2d8-4cde-89ac-49a1bf40846c,ABDC5434REDZZZZZ00,90.91
9ZH5CK3,e8e5fc50-41ea-45db-873a-3fdd5fd65d3a,ABDC5434REDZZZZZ00,90.91
DK7X6N4,01422102-3eda-4194-9df4-2762a6e67712,ABDC5434REDZZZZZ00,81.82
QC3DMN5,94b5fa5d-f4e4-4c40-9fb1-7350264ee7a2,ABDC5434REDZZZZZ00,81.82
ZTJQRS4,b7a13cee-18f8-4628-a883-fdfa59d8f3aa,ABDC5434REDZZZZZ00,90.91
U4EU789,81f96937-6b54-41fc-ba7d-f37f393a41db,ABDC5434REDZZZZZ00,90.91
SXH3TTN,f6b81f69-51a0-42f4-94ab-34c4696f8a2d,ABDC5434REDZZZZZ00,90.91
N4YHGRC,b95beb73-356f-4cd0-8700-06311f8901ad,ABDC5434REDZZZZZ00,90.91
YWCTW85,65b6be77-c5c4-4ed6-b861-4e6a83c17c8c,ABDC5434REDZZZZZ00,90.91
3XYKRW8,4a15f87a-106a-4ea5-973a-1e0023cae211,ABDC5434REDZZZZZ00,90.91
NNJTEJU,c28ce9c0-c501-4a98-8fe7-b148664c1f12,ABDC5434REDZZZZZ00,90.91
WTHSJ73,0d0e1ddf-c355-4b5e-9c72-6a2eefef852c,ABDC5434REDZZZZZ00,90.91
YJ6UPWS,0674a9b0-2e34-4656-94b4-4a972d7c47aa,ABDC5434REDZZZZZ00,90.91
2PJV2JW,2d80995c-6336-45de-bbe6-433f83c2982a,ABDC5434REDZZZZZ00,90.91
CDYAJK6,092b0fc0-35f1-4795-a345-9b0b31c7dcef,ABDC5434REDZZZZZ00,90.91
AWU9YCM,cf0c704c-7a0a-49ac-8aef-dd48f526688b,ABDC5434REDZZZZZ00,90.91
5D6P3JY,891de13a-96bd-48e1-b345-facf050544dd,ABDC5434REDZZZZZ00,90.91
HVSYA33,83de0af3-dd9a-4464-bed5-105c6d666ddd,ABDC5434REDZZZZZ00,90.91
P7UY737,ce3c1ec5-1147-414d-a860-1fc5328a87db,ABDC5434REDZZZZZ00,90.91
PAXQJQN,3856f943-7e66-4bb2-b0e1-cb185971cd94,ABDC5434REDZZZZZ00,91.67
27DAQZW,b9c65748-03db-4e33-bb96-e5204dd634e8,ABDC5434REDZZZZZ00,102.86
J62UJXY,21aee9b2-0719-4a81-81c8-e0f0ac3a5a27,ABDC5434REDZZZZZ00,90.91
ZTDZH2Y,a6c5e4d2-7e71-4954-b588-77600b2d5183,CELTEY3VBURWF03600,2677.69
JP76TKQ,e45dc96a-fc6e-412c-bd0a-e784c2ff49d5,RIM56U5WGRYZZZZZ00,841.67
JP76TKQ,89752645-80d8-4e52-9a8a-6bc4ef712a79,RIM5D26GGRYZZZZZ00,273.33
242KZ9N,455e7fec-5ba2-45f8-a6f6-4c1afb50ad6f,RIM5D26GGRYZZZZZ00,273.33
242KZ9N,864f51d0-2a5a-42ae-8294-9c42f45e18e0,RIM5D26GGRYZZZZZ00,273.33
9532QEB,0689a922-e12a-4fed-89a9-8d9547fb8a73,CELDA57FBCKZZZZZ00,150
ZPMX9NQ,c939eef0-e140-4fdd-83cd-11304ebff61b,ABDC5434REDZZZZZ00,82.5
KCCPPAV,3877eb72-0f0a-4c64-8e2c-3f8180570e82,ABDC5434REDZZZZZ00,91.67
SRY3G7F,ecf0ce49-32fa-4ff0-bcd5-4aaf72fea14f,GIV7X7A9BRWZZZZZ00,1417.5
SRY3G7F,7f9084c0-a7ec-4334-97dd-0615b86b6162,ABDC5434REDZZZZZ00,82.5
R3GTDTT,eadb5e21-9639-40c4-b7a7-5f13d58a283f,CTCJ7379BEIZZZZZ00,39
R3GTDTT,4b94d2b5-6add-467e-b60d-c71d3bddd8b9,CTCJ7379BEIZZZZZ00,39
DWSWPNK,1e8b26a2-82c4-488f-b6f8-0528e2f2b65d,ABDC5434REDZZZZZ00,82.5
39G8WQP,6390528b-3586-4859-b363-e564aadb3606,ABDC5434REDZZZZZ00,91.67
7SKY3VY,fbd297e4-d9ee-41e9-bcad-e7a9fd1266e5,CTCJ7379BEIZZZZZ01,43.33
7SKY3VY,07239ca8-8976-487a-93d5-b4078a539791,CTCJ7379BEIZZZZZ01,43.33
5WNMR6B,7c4cbda1-62f3-45be-a6fe-b4cdc23aca00,CELDA57FBCKZZZZZ00,150
T2KZG32,a69c8779-1624-4f56-9917-963baa728c60,CELDA57FBCKZZZZZ00,150
WQAHAHH,9b76a7bb-4257-49e0-bf09-89c6ce6cae5f,CELDA57FBCKZZZZZ00,135
UQYVTXB,83f65cdb-1b84-4e2c-922e-663fc0afb6eb,CELDA57FBCKZZZZZ00,135
BSFEWTM,174665c5-daed-4057-a2cc-e957c052224f,CTCJ7379BEIZZZZZ01,43.33
3R85B4A,3d7992d0-78d3-4371-b5a6-ca8b594ed718,CTCJ7379BEIZZZZZ01,43.33
TW24JFH,fc44dbe7-5996-4f58-a950-5ad3e59fee71,CTCJ7379BEIZZZZZ01,43.33
7S3NQ5P,4f666cbb-98e8-4ba5-af59-abaaafb0af96,CTCJ7379BEIZZZZZ00,43.33
U7VG68D,db4e789e-4088-4ce5-a3a6-e0e5f7bff3d5,OFF84CJDWHTZZZZZ00,58.33
MCXCYR9,c31a3b06-087d-43a4-8163-2e62997d8ed8,CTCJ7379BEIZZZZZ01,43.33
Z2UPVJW,345199a1-e0a3-4c7c-9d43-afc81dc9e7b6,CTCJ7379BEIZZZZZ01,43.33
7G7A2N8,1ac658d7-763c-4b38-81ec-71ae135b217b,ABDC5434REDZZZZZ00,41.67
7YCHCP9,8555a7ae-fc0a-452c-9856-2a64f36d78d6,ABDC5434REDZZZZZ00,41.67
P6H4JDG,40cd9d15-cfe0-4d8d-a8b7-8e9136ea28eb,ABDC5434REDZZZZZ00,41.67
HXEWPMC,a55f9a91-26e9-4512-a133-dd1c18b9f71c,ABDC5434REDZZZZZ00,41.67
SCQ7MBU,50e30a16-bcf6-4996-b391-d985e16ea5c1,CTCJ7379BEIZZZZZ01,43.33
Y3GAC7G,40ca9ee9-7d0f-4c31-b17d-b63e07e6f78d,CTCJ7379BEIZZZZZ01,43.33
XEXFMVE,3def9ff8-17fc-441b-b80e-63eeb6da2409,CTCJ7379BEIZZZZZ01,43.33
N9E68XG,e7e6f827-bc5f-4d3c-8581-a7691f4ef371,ABDC5434REDZZZZZ00,82.5
3TS7DRD,921f9ea3-20c0-4210-ae9c-a496a099b684,ABDC5434REDZZZZZ00,82.5
PK26U46,0ca642a8-33bc-4943-b676-df52752fb0b2,ABDC5434REDZZZZZ00,91.67
PK26U46,c5e7bce5-37aa-47a1-91bb-9d10797d3e0b,ABDC5434REDZZZZZ00,91.67
PK26U46,b2d294cb-2dd6-45f3-a7b3-bb7d57576492,GIV7X7A9BEIZZZZZ00,1575
S8D6AMD,db5de4a9-27cd-4254-bbd2-7ece0823e090,LOEXPMH2REDZZZZZ00,825
Q83UQHE,1f80ee3a-e264-4214-93e3-c0f96dc7c752,ABDC5434REDZZZZZ00,37.5
2WWWVDN,404da385-a6b4-41af-919c-96aa903b2311,ABDC5434REDZZZZZ00,82.5
KJJ38YE,23978d89-a095-4f83-9ad4-140bce4ce147,CELDA57FBCKZZZZZ00,150
XHYTBW6,078a658d-fdfc-4cda-80a1-3ee1f6ae0cf9,LJH2W32NZZZZZZZZ00,33.33
G7KXCYZ,372809f9-f8a2-4fdd-8df4-6ceb14a58355,LOE7HZEVBEIZZZZZ00,391.67
ZW8YJAM,8fab9166-a27c-4645-a192-66d7be55aad5,BYR2B739ZZZZZZZZ00,105.83
EPBX73V,83465baa-4583-4242-84e6-36d8e65a7d98,CHLAX55QPINZZZZZ00,386.67
X6GRVSF,c0bdddb9-0f4b-44c5-a3a7-d7e315c62f60,ABDC5434REDZZZZZ00,82.5
ZWY97NM,06a7fccd-3857-4b51-8cf1-baf595c4a0d5,FEU2UJ5BBCKZZZZZ00,442.5
4Y4RS4S,e2055858-a850-42e3-b7fd-101b54e7a147,BYR2B739ZZZZZZZZ00,105.83
T77NEHS,b04a3ea7-9d1f-4ece-9309-20c524f98549,LOE7HZEVBEIZZZZZ00,391.67
ZV3K7PE,b4e33eba-ef19-4881-bcb0-9794e2d99743,FEU2UJ5BBCKZZZZZ00,442.5
445JQGF,cc00a8d9-aca5-4057-a70c-90eab9e37979,LOEXPMH2REDZZZZZ00,825
E2VXBUN,8e335fe5-8816-41e7-8da1-764821b3b8ee,LJH2W32NZZZZZZZZ00,33.33
K7CBE5X,1e5188a3-4336-4b69-837d-9f6eeb5c2d93,ABDC5434REDZZZZZ00,82.5
CXMR7YZ,7a2270c6-ee20-4f84-9797-07be210ec375,CTCJ7379BEIZZZZZ01,43.33
F68TF3A,ed35804f-84d0-4e8c-b8f7-a422f710e1f4,CELDA57FBCKZZZZZ00,150
2BCM2AE,4d27cbd6-d8db-40b0-8f45-230e39c53889,CHLAX55QPINZZZZZ00,386.67
F4AQD8B,b798271b-3bd6-4227-b3f3-a2d10bb98fa7,ABDC5434REDZZZZZ00,82.5
XNEUW9X,e5d2bdfc-58a3-4808-a576-bfe6f003fb23,LJH2W32NZZZZZZZZ00,33.33
RAUGJJ6,3888ee8c-e7c1-4490-93be-a8474cdffdbd,BYR2B739ZZZZZZZZ00,105.83
R5URQ9M,e3911853-6d1b-4f91-94cc-a60716ca7d46,LJH2W32NZZZZZZZZ00,33.33
XC78QJ2,7465d3cb-b23d-4baa-94c3-7aad5f9bb157,LJH2W32NZZZZZZZZ00,33.33
SGXB8S8,6b1af1f7-15c5-4938-ae94-658f0164b245,LJH2W32NZZZZZZZZ00,33.33
PPJ4PZU,2d19dd35-69f6-4dda-be42-2610a7521d4e,ABDC5434REDZZZZZ00,82.5
N3RPX67,1663ee37-729e-40ff-94dd-e9d50f0d4ec8,CHLAX55QPINZZZZZ00,386.67
3DZWU6T,4b8b1c7e-c826-435c-995c-ac76b765c847,ABDC5434REDZZZZZ00,91.67
K3QP77U,17961ea4-b583-4378-bfe9-3fc04d440cf2,CHLAX55QPINZZZZZ00,386.67
KXUV49Q,b8e33c35-2268-42c4-a9e8-181fe7d9d370,LOE7HZEVBEIZZZZZ00,391.67
MPTWZT7,29148537-e614-4c2c-a868-6cb8bfc00c9e,BYR2B739ZZZZZZZZ00,105.83
FRWTNBX,29ffe8cd-a81c-4017-89f5-b55fdc782b14,FEU2UJ5BBCKZZZZZ00,442.5
JAZFZ2F,0907d94e-04a6-4303-8889-005e3cbc0211,ABDC5434REDZZZZZ00,82.5
CWQS85A,38a82508-60c5-40c3-9fc7-f132950d43ac,ABDC5434REDZZZZZ00,82.5
P3X2GE7,7dde63fd-3ec3-4b87-9749-6fa2d4014495,LOEXPMH2REDZZZZZ00,825
K4VJTAU,bfe0824f-9932-40c1-9e9a-39498baac9ba,BYR2B739ZZZZZZZZ00,105.83
D3N25B4,d6255ba7-ce0d-4710-8c09-decf82e80ab1,CHLAX55QPINZZZZZ00,386.67
PP423X4,a47fad1d-0147-4331-82f7-04ba5cdd080d,CELDA57FBCKZZZZZ00,150
5B3BZ3E,64aae1bf-9889-4f1f-a997-d7717da69848,CHLAX55QPINZZZZZ00,386.67
XA2NZAR,c3b1c328-d745-4247-9c96-c788ac11a8d9,BYRZ53R4ZZZZZZZZ00,45
W8CN6F2,182e6c84-3f0d-4b0f-924a-8bdc9cd63d13,CELDA57FBCKZZZZZ00,150
E3JM7BE,a4fdc60f-7732-41ce-bd0f-a1fe275daeb2,CELDA57FBCKZZZZZ00,150
NEW956Q,16825027-e146-4d0e-939c-c357930db861,CHLAX55QPINZZZZZ00,386.67
9JJFCWS,889fceb7-db66-487b-8bbc-12c21fea3b36,FEU2UJ5BBCKZZZZZ00,442.5
EBT3RXZ,6d4b5057-e90b-4859-8064-758735047fb0,CELDA57FBCKZZZZZ00,150
NRUT3C3,7f85c528-437b-4bc3-ba4c-d7fe175abfdd,ABDC5434REDZZZZZ00,82.5
9QJTWKC,b366449f-a371-44d2-8d63-191f22e32557,BYRZ53R4ZZZZZZZZ00,45
BDDM5JA,d568b4f0-7ffd-4e17-9978-4ec27b1fa792,ABDC5434REDZZZZZ00,82.5
PTP94XW,17f9e456-7109-4c59-b77d-ea78733d80d1,FEU2UJ5BBCKZZZZZ00,442.5
CC55QD4,53b584c0-576c-4671-8f15-ceb958539aec,CELDA57FBCKZZZZZ00,150
QW7NEAK,2333d2e7-237b-431f-924c-2ec17e2fb3a2,CHLAX55QPINZZZZZ00,386.67
NGMYXK6,2258604b-31ed-4f6f-9e4c-957f043d6229,FEU2UJ5BBCKZZZZZ00,442.5
DMF46RC,cbd3c935-975b-48cd-98b8-76f2b03da767,CELDA57FBCKZZZZZ00,150
H26REDJ,67ba54cd-4f9f-4fe2-809d-a8603d412290,FEU2UJ5BBCKZZZZZ00,442.5
RBVZ9Q7,6732ee77-233c-4711-bc29-b4681d40a10e,FEU2UJ5BBCKZZZZZ00,442.5
BKY5GSW,5443f0e3-cce5-4537-bb1b-77f8f48905ea,LJH2W32NZZZZZZZZ00,33.33
JV9754X,ff9bd4ba-c0a3-4cb5-af61-4bcb308a77a1,BYRZ53R4ZZZZZZZZ00,45
2FWWAQU,0d658ad0-432d-48e9-8f0a-cee26b6245d2,CELDA57FBCKZZZZZ00,150
Y3ETQ7D,5a582a8c-4e44-4b24-93f2-50b40664ff8d,CTCJ7379BEIZZZZZ01,43.33
9SMCYBZ,5e710ac7-c68a-45b2-9a59-648417649842,ABDC5434REDZZZZZ00,82.5
GB7F36P,a9e2c9f8-6b5e-404a-aa94-06e95e651616,ABDC5434REDZZZZZ00,82.5
VT6YX82,a9a9c52f-918f-48ce-8c3a-8e887da63eb6,BYR2B739ZZZZZZZZ00,105.83
5W848NS,f9852925-0d4b-4c25-8415-6f5dec3be916,LJH2W32NZZZZZZZZ00,33.33
PBFA93A,970a926e-8a78-4778-b81a-48219e72910c,CHLAX55QPINZZZZZ00,386.67
BCUCJUC,d7565755-588a-4a5b-851a-c27d0a0ed82c,FEU2UJ5BBCKZZZZZ00,442.5
YRHZZA8,082bd718-cb2e-4bc0-990c-dc48a99022de,BYR2B739ZZZZZZZZ00,105.83
AG3ZWNH,b83c2569-1c36-476a-817f-ba035b5ea15f,CELDA57FBCKZZZZZ00,150
TZCCTHW,e0586a8f-7a62-4a12-bd2b-65d70ebf3f44,FEU2UJ5BBCKZZZZZ00,442.5
JDMR4B8,7b2ff95d-f60f-4328-969d-7bbf406b0c8c,CELDA57FBCKZZZZZ00,150
9K376XE,04ea57a2-b275-492c-92cd-95b1fd19b918,LJH2W32NZZZZZZZZ00,33.33
9QEE276,f7b9350e-fc2a-4a30-bd01-e8fdc29d939f,BYR2B739ZZZZZZZZ00,105.83
B9YE32V,86f34e53-a8f1-44d5-9e45-90e4530ad3fd,BYR2B739ZZZZZZZZ00,105.83
32VJW79,f4fd7757-a785-4534-92b7-604a1fa3c3bd,BYR2B739ZZZZZZZZ00,105.83
CPKCKXU,60341149-1d75-4836-b938-b929ff74c038,BYR2B739ZZZZZZZZ00,105.83
KHTY9K2,c21b918f-1c3b-4a60-b199-7ecd23cb1a3b,CHLAX55QPINZZZZZ00,386.67
5K7UBA7,4b5a9dd2-4f38-4318-a435-acb9fa3656e3,CELDA57FBCKZZZZZ00,150
USZMJUD,447ecc39-a46e-4cbb-991e-6b34bdbd08e4,CELDA57FBCKZZZZZ00,150
XDHUEK3,3234f894-27e7-4bc3-84a4-956dd11a6d16,CHLAX55QPINZZZZZ00,386.67
SXH5MXM,82bc2675-63ed-462f-8198-5792ee590c31,BYRZ53R4ZZZZZZZZ00,45
JZB7VF2,3fa93903-b4fb-432a-9713-c12815297939,ABDC5434REDZZZZZ00,82.5
ZUSUD5M,7cfcf6cc-775f-47ce-afd1-74e97f6f32ec,FEU2UJ5BBCKZZZZZ00,442.5
85QZ4GQ,67b8e3e9-4c4f-491d-a4b4-c0f90bc3cfb8,ABDC5434REDZZZZZ00,91.67
B4D7SH5,7e3fd654-2fbd-40c4-946a-00e492a3dc01,BYRZ53R4ZZZZZZZZ00,45
2AYNDJC,69ad0651-141c-4ce9-ba34-7c555b26047d,CHLAX55QPINZZZZZ00,386.67
HQFYZEK,8164c8f5-9176-46e1-8602-d3df32705efc,LOE7HZEVBEIZZZZZ00,391.67
X5AX7FX,8916a73b-5f0c-48ec-8000-fe627195459b,LJH2W32NZZZZZZZZ00,33.33
HBS7R49,5405d41e-604e-4083-bb4e-a964bb42d62d,CELDA57FBCKZZZZZ00,150
5YDDRF5,9e725629-7026-4524-9467-66eebdbf7538,ABDC5434REDZZZZZ00,82.5
42PMJRH,5e30b741-efbd-4d94-988e-5f7758b9d832,ABDC5434REDZZZZZ00,82.5
72XVSER,eca5850e-1a54-47b6-bceb-ce65dd2db8f1,CELDA57FBCKZZZZZ00,150
HMSDKM4,6b2fdedf-dc75-4d97-8101-bb9bd15c0701,CELDA57FBCKZZZZZ00,150
UM64Z4E,cc163fff-ec93-42c7-9601-9eea8ae4b367,ABDC5434REDZZZZZ00,82.5
38KDYFA,4dfb0557-8169-47d7-8735-18e7596855ad,CHLAX55QPINZZZZZ00,386.67
GE3E2NZ,787c4a37-2b25-4ff1-927e-172d455d23af,LJH2W32NZZZZZZZZ00,33.33
3BHPUU3,c89c268b-ef5a-455f-9d69-5c0ccc68c298,CELDA57FBCKZZZZZ00,150
PYQUA3R,455e1feb-569a-4202-af3e-5d5bc3b36467,LOEXPMH2REDZZZZZ00,825
BSVUAAE,3c4a8be1-55d3-474f-af92-a5a446277d22,CELDA57FBCKZZZZZ00,150
5X4AJYP,f574e9f0-12f9-4532-a1bf-34da92522176,ABDC5434REDZZZZZ00,91.67
JTGBQKV,a6be88eb-586c-4cfc-8e9e-f8ad422f1f00,FEU2UJ5BBCKZZZZZ00,442.5
9YSXWTT,97fd32c5-340b-4333-82de-656a6c564893,CTCJ7379BEIZZZZZ01,43.33
P68WUCN,5284e4df-f40f-4749-a6c4-6c8d4245b958,LJH2W32NZZZZZZZZ00,33.33
PXYGVJW,61dd5099-bc24-48f3-a84f-dc5607b6fc94,FEU2UJ5BBCKZZZZZ00,442.5
GY5UW5X,8bcab2d5-b754-4c27-8fcd-578e9458ba2d,CHLAX55QPINZZZZZ00,386.67
9TZANY9,c0f22cf1-8a59-4713-8cf2-1e92b9430a77,BYR2B739ZZZZZZZZ00,105.83
C3ZU2EJ,cf1a1851-eece-4df4-acf3-3dd741ebcdbd,LOEXPMH2REDZZZZZ00,825
4P6GJMR,fb87f147-40d5-4f2e-9166-dbaa4272c73f,BYRZ53R4ZZZZZZZZ00,45
B855CM7,9d825001-57f9-4ec8-82c2-78895cd7ac94,ABDC5434REDZZZZZ00,91.67
AUFX9KZ,9f73a7d9-6612-41c3-83d6-6764943d82d5,FEU2UJ5BBCKZZZZZ00,442.5
449XCVE,9568e38c-4312-4762-86cd-c0b90d16454d,LOEXPMH2REDZZZZZ00,825
3NUZW7S,0f933ba1-0a2c-4a4f-955a-5b205b9cf402,FEU2UJ5BBCKZZZZZ00,442.5
U8NWHZV,c6958b9b-7d9b-4f88-b1b3-71ba9a5b9c03,CELDA57FBCKZZZZZ00,150
ENARUCH,facce79a-6fdc-4ee8-9218-cecb6383411f,ABDC5434REDZZZZZ00,91.67
TH3X3KD,31949c82-18d0-4ba3-a945-0c9d39683ead,BYR2B739ZZZZZZZZ00,105.83
9UV5C93,87528ac7-2e0b-4434-aa6b-5c5534a095df,FEU2UJ5BBCKZZZZZ00,442.5
TK6H4D3,5fb30c1a-a083-4a61-b950-7dd077387cd0,ABDC5434REDZZZZZ00,91.67
TK6H4D3,0fcad630-73d1-464a-ab24-108c61d62be6,ABDC5434REDZZZZZ00,91.66
PGJ26BF,2b8627ee-2c62-4081-9b6c-a29141029f49,LOEXPMH2REDZZZZZ00,825
6T6W6AM,64a4e9f3-86e0-4def-8ed4-dcc5d8b45711,LOE7HZEVBEIZZZZZ00,391.67
BQDU5DV,49e34e72-f69b-4e0a-91fd-eb9284cd95e3,CHLAX55QPINZZZZZ00,386.67
FMYFW7N,b65e1880-adff-4051-8d8f-437230cdc93d,BYR2B739ZZZZZZZZ00,105.83
7BVHC5R,a183af50-d34d-4ada-b437-34ddabdb0f1a,BYRZ53R4ZZZZZZZZ00,45
45WMSPN,c181207e-2f88-49e1-9ee4-bd267e5bb3c3,BYR2B739ZZZZZZZZ00,105.83
GGZ4VB4,050ca28c-bfe1-4ff2-881c-9e9c2e8cc4db,LOEXPMH2REDZZZZZ00,825
4EBV2C2,554ea9dd-e9ba-41b3-9552-e4a38b6faa4f,FEU2UJ5BBCKZZZZZ00,442.5
WJ8F3GZ,f7d6a1da-4310-419b-9d81-aa230913b27a,CHLAX55QPINZZZZZ00,386.67
WVBJ29J,e7fe3b1b-66df-4614-99c5-757cc42831a3,LOE7HZEVBEIZZZZZ00,391.67
Z55VUXW,58c245f9-2acd-4bbf-b676-6c764ff48172,LOEXPMH2REDZZZZZ00,825
4RS5KSX,2a9155d4-a739-43d2-81ac-5bf2c80de87e,ABDC5434REDZZZZZ00,82.5
A4F85V9,3442bd5a-3768-4abf-8366-8103f52ae846,LOE7HZEVBEIZZZZZ00,391.67
QP4FQGT,07af4431-dd8c-48e9-b309-f4e7bc6ebc12,BYRZ53R4ZZZZZZZZ00,45
EEDWRCG,290b6c4d-f42c-42b9-8cdb-ec852c57f9d7,BYRZ53R4ZZZZZZZZ00,45
9B5K3AZ,5d915bf3-3f07-488e-9558-05cc0246acf3,BYR2B739ZZZZZZZZ00,105.83
WBEDJPU,45ad8dcc-17b5-468f-91a6-8dc448d4ebf5,LOEXPMH2REDZZZZZ00,825
K64JCFX,d2915849-c350-4aa4-8cc3-cb2631c96937,BYR2B739ZZZZZZZZ00,105.83
8VKWTA6,0b6936a3-2112-4150-b370-ba447b7947e3,ABDC5434REDZZZZZ00,82.5
NH48H75,c1ec54bd-827c-4827-b3b8-48a97a42cbb7,LOE7HZEVBEIZZZZZ00,391.67
RM5MN4V,a890c9e6-4f64-4775-bdd7-c391bb781c4e,FEU2UJ5BBCKZZZZZ00,442.5
VA357CZ,7236f470-7238-49ba-beca-6be9e6f3c59f,BYR2B739ZZZZZZZZ00,105.83
5K7QEG7,974bc151-b23f-4594-9453-e23d90b0f516,LOEXPMH2REDZZZZZ00,825
X5PWDVG,7efc9948-5e5b-4df1-b74b-1331c1b80836,CELDA57FBCKZZZZZ00,150
6WJV8UG,28bfa1bf-1b29-416c-88be-ab3c5a4c6360,CELDA57FBCKZZZZZ00,150
5D5376P,3f8f8813-e57e-41ca-aae5-ebffa0dc1fc2,ABDC5434REDZZZZZ00,82.5
3HQDRQ6,68deba33-adc8-4cb3-b6a0-ae38f08b9d9c,BYR2B739ZZZZZZZZ00,105.83
5QBWYTN,66fd38cb-7f2e-4c49-bf92-7b1628964ea5,ABDC5434REDZZZZZ00,82.5
GA58BR8,f0497e2a-4895-4886-9900-e8b5088f185c,ABDC5434REDZZZZZ00,82.5
EH2E8ZS,f1a55708-d966-45d4-838b-4ae7c7b4ecae,LOE7HZEVBEIZZZZZ00,391.67
XHFU27Z,ec788817-63d2-472e-9f72-636a3059dd21,CELDA57FBCKZZZZZ00,150
KENZ9S7,81ae9032-9101-49f8-8260-5469d253996c,BYRZ53R4ZZZZZZZZ00,45
5WM9VXX,6386656e-6262-4039-b9f8-2036c59ee435,CHLAX55QPINZZZZZ00,386.67
9NBEMFS,86e21f6c-884d-4a32-8152-5c4f2948e09f,BYR2B739ZZZZZZZZ00,105.83
TWW44SK,56dc5127-487f-4549-ab4b-df85ce954ade,FEU2UJ5BBCKZZZZZ00,442.5
9BW4MN6,c88621cb-a67f-4668-9e37-6fce952bff99,CELDA57FBCKZZZZZ00,150
78QMUCA,bef6a9f5-85b0-4d05-8ea5-01bf58bffb04,CHLAX55QPINZZZZZ00,386.67
43Y73R8,16b4e99d-e3bc-47c2-8ccd-02e0cbfdda6d,CELDA57FBCKZZZZZ00,150
R4GMG2G,a6803923-8f6f-4b02-bfaa-ca7f740ea020,FEU2UJ5BBCKZZZZZ00,442.5
MNWSTKY,e9f981c9-89b5-4dcb-92c7-68237a6b9c36,BYR2B739ZZZZZZZZ00,105.83
REUJJ58,5699d1ec-92b1-46cc-b469-3b079cb589f2,LOE7HZEVBEIZZZZZ00,391.67
SGPNTVM,15021d51-f87b-418d-99d3-9ecf5bdd421f,ABDC5434REDZZZZZ00,82.5
CPYFYWR,f6330fe3-fc80-40ce-b67d-fd6428fc8d09,ABDC5434REDZZZZZ00,82.5
3ECEZCP,2c28328b-be1c-4593-bd85-e4281717b477,ABDC5434REDZZZZZ00,82.5
GKCYXUA,24604898-9e68-483c-8cae-696a8e4a2fe8,FEU2UJ5BBCKZZZZZ00,442.5
39UXCZU,0e2456d4-905f-46d7-aea4-0f1236bd0057,ABDC5434REDZZZZZ00,82.5
QYC5F4J,865dd375-150a-4b64-a245-3c1935b9852b,CELDA57FBCKZZZZZ00,150
EPDHE2Q,eeb6eab5-3e06-4516-90ba-1f90c3540118,FEU2UJ5BBCKZZZZZ00,442.5
5WNBNHY,503e2ef4-d911-44f0-8cca-2b66fd444a46,LOE7HZEVBEIZZZZZ00,391.67
NED56ZQ,04f4f67d-b313-40e7-8451-94acb9e0a08d,LOEXPMH2REDZZZZZ00,825
JGE9T59,2a478355-f45c-492a-ba3b-546f4437b5aa,LOE7HZEVBEIZZZZZ00,391.67
UYHQNGR,2d0de022-1889-4592-81b1-ab187a83bd4f,CELDA57FBCKZZZZZ00,150
SFCWPBW,5fa12e43-e0fb-4503-9feb-90d354069624,CELDA57FBCKZZZZZ00,150
P9VT74D,39de7390-ee13-4f57-80c3-f9920789d7c2,BYR2B739ZZZZZZZZ00,105.83
VAXWD5K,02454411-8afe-44d3-942c-06efdad45599,ABDC5434REDZZZZZ00,82.5
MZG65AH,1c8e6244-bc8e-4433-9e7e-01b06dbbecde,LOEXPMH2REDZZZZZ00,825
37XR8KH,e353ae11-51a8-48cd-a53f-11de497be8b3,LOEXPMH2REDZZZZZ00,825
D76YS5S,2d2cc96f-c928-4be4-9bd2-f8cce16bc82e,CHLAX55QPINZZZZZ00,386.67
CRYNP87,d6a732e5-9388-4359-9fa2-85f583a14851,CELDA57FBCKZZZZZ00,150
6FCH85Y,51938341-5c5c-4764-b20d-1106ddfedd2c,LOEXPMH2REDZZZZZ00,825
73534PA,dd5a7f06-7a9f-451d-80f3-0adcfe94db7d,CHLAX55QPINZZZZZ00,386.67
VR66N4H,9d1a1f04-1ebf-4142-bcf9-048d9ba67209,FEU2UJ5BBCKZZZZZ00,442.5
FVF5Y43,16b987ba-8439-4402-83d8-f98e8cbf839c,LJH2W32NZZZZZZZZ00,33.33
2DTFGQP,df7dd1d4-b1a8-4321-87e0-b7b568235011,ABDC5434REDZZZZZ00,82.5
R6KEHD4,2ca1a734-573d-4b47-934c-ac41b21a0764,BYR2B739ZZZZZZZZ00,105.83
ATKHUMW,cb325ddc-bafd-4fd0-b306-e8ad4637c9c3,LJH2W32NZZZZZZZZ00,33.33
4JN8QAP,83059737-a861-4c26-a710-74c9d54afdc4,BYR2B739ZZZZZZZZ00,105.83
QHWSZ4P,1f164d09-4d2c-4f89-9126-fb549f3ea523,LJH2W32NZZZZZZZZ00,33.33
R3RXANN,27519bd0-9928-4223-9a15-e98827edfe4a,LJH2W32NZZZZZZZZ00,33.33
C7JF3RU,138af482-21f9-4f2e-aef2-b99595e28e72,CELDA57FBCKZZZZZ00,150
QSWR5YJ,1e91fa54-b138-4b28-a91b-235b019021b9,CHLAX55QPINZZZZZ00,386.67
9ZDM78P,77d35069-ee78-4871-94b8-58159d537d33,BYR2B739ZZZZZZZZ00,105.83
BNUS42H,dd5666a9-e3f8-46ec-a750-f94023906628,CHLAX55QPINZZZZZ00,386.67
6JYWMBS,f7a25200-2b01-485d-a6f0-1217b5aacddd,ABDC5434REDZZZZZ00,82.5
XG2HRUF,f550706c-9ce0-40e4-a528-f9d5c9512967,FEU2UJ5BBCKZZZZZ00,442.5
QNFM9X7,475bbcbb-a8e0-4cc9-8339-fa4de074d1d2,BYR2B739ZZZZZZZZ00,105.83
9M58P67,25d10c2d-bd8e-4314-9900-ce0d7c9f562d,LOE7HZEVBEIZZZZZ00,391.67
QBK9KY9,157b45b2-5639-4b62-bf4a-80af7d868029,CHLAX55QPINZZZZZ00,386.67
3S7SNMM,ce515027-0e7c-413f-b76f-93b335f7fdf9,CELDA57FBCKZZZZZ00,150
XTCD4MD,78bdd21f-3ed4-4e04-9b97-f4bc66ad8686,LJH2W32NZZZZZZZZ00,33.33
Q2BKT2B,bc89853f-39d0-45bb-bbb5-73fa113b911e,BYR2B739ZZZZZZZZ00,105.83
KBWMTEY,ec7d019d-09a5-496d-a8d7-d0abbf880d80,LOE7HZEVBEIZZZZZ00,391.67
U7UUPPK,a0ea7ee0-3f17-4de3-b83e-9e157bbbec94,FEU2UJ5BBCKZZZZZ00,442.5
SDMH5X5,e54bccad-c1f4-4b6b-bab7-5e077366203d,CELDA57FBCKZZZZZ00,150
GCCNTP7,23ab6606-e38c-46bb-926d-a823c18723fe,FEU2UJ5BBCKZZZZZ00,442.5
H4WUKGW,8d731777-32d1-4df6-b349-7062be7a9411,CELDA57FBCKZZZZZ00,150
8UTX9NC,8d58f1e1-4b14-4b10-956c-260541e6b157,ABDC5434REDZZZZZ00,82.5
EHXX3CN,91ce549d-5963-4993-bcba-9ea09556c211,ABDC5434REDZZZZZ00,82.5
KRXYQNF,9d328683-ae7e-41bc-8707-0716c842acaf,FEU2UJ5BBCKZZZZZ00,442.5
H8CDRHD,cb1dbe42-769d-4716-b547-cdf78e98e1fe,CELDA57FBCKZZZZZ00,150
4S9Q6SN,9159faae-fb1d-4fdd-8529-bb69d093a873,LOEXPMH2REDZZZZZ00,825
ZMCA92U,c7afc985-13da-4022-8081-4ee45c7d20a1,ABDC5434REDZZZZZ00,82.5
SDQ7ZMF,6f4394d2-b376-4943-b5d1-7339af66e1b8,CELDA57FBCKZZZZZ00,150
BX53ZRS,1e2b5766-c6b4-4782-86bb-1dbf463a96fa,CHLAX55QPINZZZZZ00,386.67
ECV3WNG,bd6324d4-9a91-42d4-9e4a-3e46fc093c26,ABDC5434REDZZZZZ00,82.5
TT6TUXV,98ecd86e-45d8-4641-9152-706d26b6ef7e,LOE7HZEVBEIZZZZZ00,391.67
J3G6YD8,fb0e3d59-e2d0-4a3e-b1b2-36a9a37c6752,LOEXPMH2REDZZZZZ00,825
SPYUKYQ,8e8063d5-9de3-439d-9029-e53c1c1dfee2,LOE7HZEVBEIZZZZZ00,391.67
583HZGG,426ccf40-b99f-41cd-8f5c-8e23b50d93d5,CHLAX55QPINZZZZZ00,386.67
UZCG2MP,e22a26d4-ed4a-46ec-a1e3-3264f5494ef8,ABDC5434REDZZZZZ00,82.5
VW7T9XX,11b409a1-dd4f-4790-88af-e88335eab5cd,BYR2B739ZZZZZZZZ00,105.83
XF6ARC3,2a28a9e6-879c-4d90-bae6-24116aa9c313,LOE7HZEVBEIZZZZZ00,391.67
7TJMP8V,a0afbdaf-4cfa-4469-8fbc-21b9bcd8d698,CELDA57FBCKZZZZZ00,150
28JYQKJ,fdded250-5a3f-41d5-aca1-4ba46832974b,CELDA57FBCKZZZZZ00,150
PVF4VMZ,ff0b4da1-e9a1-463d-b64b-e89046f82238,LOE7HZEVBEIZZZZZ00,391.67
8UEA5E7,09b38604-cfab-40fc-9ec9-61beef180048,CELDA57FBCKZZZZZ00,150
QMK2NXT,e9773066-be1d-4714-8fc3-26c5b3d875cc,CELDA57FBCKZZZZZ00,150
RDCGP88,76d43da0-f684-4e1d-b954-71f838bc7f67,LOEXPMH2REDZZZZZ00,825
44XME8D,0d4de6b8-5a29-4f67-b313-c3ef06721652,BYRZ53R4ZZZZZZZZ00,45
8RXN6P9,58dc9dfa-c8ff-413f-80a1-c9eb4d02d783,CELDA57FBCKZZZZZ00,150
KFT445U,89d7e775-2da3-4929-9c4e-96898f7e7d1c,CELDA57FBCKZZZZZ00,150
QKUV85M,01913b01-aa7a-4a27-a424-5a7a7349a11c,CELDA57FBCKZZZZZ00,150
JXGGSXM,df1cc8df-4d56-4bb8-9546-b11d4e041765,CELDA57FBCKZZZZZ00,150
X6KWMRY,b183e3d1-5ca9-41a8-bf51-b55cdb5443e4,CELDA57FBCKZZZZZ00,150
5KMFBT2,c01a3ead-9734-4170-835a-e75df6d00e95,CELDA57FBCKZZZZZ00,150
7ZGQBA8,f1407481-9fb9-468a-865c-a1a0fa136698,ABDC5434REDZZZZZ00,91.67
QUKYJKA,ce1f5475-ca5a-4ddc-9462-23991b96d430,CELDA57FBCKZZZZZ00,150
N83SJU9,ff5b817c-18ec-473b-ba4a-2e63274bc11d,FEU2UJ5BBCKZZZZZ00,442.5
QM2D2YQ,4cbd5f7f-d456-42d6-b360-eb4a3a3d6091,BYR2B739ZZZZZZZZ00,105.83
NRFA5Q2,f1253d93-1f80-436c-8c8b-7dbd06d96c48,FEU2UJ5BBCKZZZZZ00,442.5
AA2TFZM,88a49cf8-637f-40b4-b934-0377bbf2d2f1,ABDC5434REDZZZZZ00,82.5
H4SQSY8,6898be95-8756-42c6-b332-7892fa2c27e6,BYRZ53R4ZZZZZZZZ00,45
8B3P2A7,04fea256-72ee-49ec-8798-c10d7c386edb,CTCJ7379BEIZZZZZ01,43.33
RMWWNCX,5a4803b4-02c6-43f2-9603-9d21902d6838,ABDC5434REDZZZZZ00,82.5
6PQZ93C,137b3914-fa43-465d-9315-deddfed92566,CELDA57FBCKZZZZZ00,150
HEDJSQ9,bb803f5d-f0d1-4d7c-82c0-0830f84b857a,BYR2B739ZZZZZZZZ00,105.83
VCVDK32,d95defa0-0ef0-471f-a4d9-5b5f9480a2f1,BYR2B739ZZZZZZZZ00,105.83
M9NRCMC,1c70d90e-e74a-40d0-8e2c-3a31995720f0,ABDC5434REDZZZZZ00,82.5
KUWMC7D,fd748239-06d6-40bc-9afe-b529a092ad0e,FEU2UJ5BBCKZZZZZ00,442.5
YDU5YF8,b9742f42-d378-413f-aad5-b2734a2c8316,ABDC5434REDZZZZZ00,82.5
J9DGMJ3,50d96208-71e4-4e26-a23b-e67150bba202,LJH2W32NZZZZZZZZ00,33.33
TVBDKEE,f6ec08c1-7600-44a8-be79-fc96b0b5a5aa,ABDC5434REDZZZZZ00,82.5
7XCVKU2,68d8e49e-fdaf-40e9-8be4-e725f6d8e15b,CELDA57FBCKZZZZZ00,150
R32R2EC,15fdcdf4-48df-46b0-aed6-58f5ac5f63ac,LJH2W32NZZZZZZZZ00,33.33
FN6C2XW,78a81da2-7860-4964-8568-c848a8285ea9,CELDA57FBCKZZZZZ00,150
Q3UJDSD,ed83ff1e-1744-4b81-b709-ee30a5960906,LOEXPMH2REDZZZZZ00,825
FPW69GE,c51ca87c-6700-4bc6-a99c-fc48b4222fbe,CELDA57FBCKZZZZZ00,150
N9VYUA9,d32c49d7-f6e9-4840-b81a-6d2cac086989,CHLAX55QPINZZZZZ00,386.67
BUR298C,ef31fd79-75d9-49e2-8d90-2d7e69f0b5ca,LOE7HZEVBEIZZZZZ00,391.67
3WR6V8Y,9a73976d-dc39-4a19-9d04-f59423641b95,FEU2UJ5BBCKZZZZZ00,442.5
6KNP55C,5e075282-8c02-483a-a4ed-761f90b82727,CHLAX55QPINZZZZZ00,386.67
HBDBG43,66aad780-2526-47a6-abf3-1c3d75be2f39,LOE7HZEVBEIZZZZZ00,391.67
4HRZ4KU,65abc72f-0218-4235-aec7-9fd8335ff3f2,ABDC5434REDZZZZZ00,91.67
8RU5J3P,21fb72e4-65d6-491d-82e9-c024e2d0dbe6,CHLAX55QPINZZZZZ00,386.67
9NKEHYR,e001f3c8-809a-408d-85ba-af8c624c6e7d,LOE7HZEVBEIZZZZZ00,391.67
TTRDAQR,73da4efe-0559-4385-bbe4-142363116702,ABDC5434REDZZZZZ00,82.5
STQ5WWZ,27272e40-4ae3-4d46-88ed-c1932391fe2c,BYR2B739ZZZZZZZZ00,105.83
URS5NMP,c90e0d83-e79c-4265-934f-70ed86e8773e,LJH2W32NZZZZZZZZ00,33.33
YN7A4G5,17d55408-c911-46cb-a2ac-07fc858d3139,BYR2B739ZZZZZZZZ00,105.83
9T223ET,0d01ec4d-7322-4fe9-9933-0b6470547ade,FEU2UJ5BBCKZZZZZ00,442.5
ZCUH8QF,67076ddf-309d-47c0-bf3f-3e0418fba16c,BYRZ53R4ZZZZZZZZ00,45
GN9TKHP,7f6bcbce-a1d3-47fb-ac8f-09fa9a5a3e64,BYRZ53R4ZZZZZZZZ00,45
RZG8CM4,e6844d31-b772-4b9a-a06b-a9d2d5715a3e,ABDC5434REDZZZZZ00,91.67
7FVKUEX,7fc20bea-c731-4beb-8ad9-67d109730ab2,ABDC5434REDZZZZZ00,91.67
3TFU4CA,982e678b-a1b0-4a6e-9393-cfbf226a0468,BYR2B739ZZZZZZZZ00,105.83
HSFP7PZ,8896f1c8-7d2a-4359-a098-601db046ff91,CHLAX55QPINZZZZZ00,386.67
BJ9VEH6,0ad2b45a-be2e-4f18-909a-f28385afa5bf,LOEXPMH2REDZZZZZ00,825
79BGEYT,cc06143b-bd2d-4d3c-915a-67edc30148a9,FEU2UJ5BBCKZZZZZ00,442.5
2GBQU6Z,488f66c8-f768-4a1c-80d7-5f70320868c0,FEU2UJ5BBCKZZZZZ00,442.5
YSVXJ92,71eee82b-dc6e-41e9-a6a7-cf54c592041a,CELDA57FBCKZZZZZ00,150
YFESFT7,545685e0-97eb-4fe6-9a30-d63c3bfd478b,ABDC5434REDZZZZZ00,91.67
829Z5R6,a93ec522-077a-493f-8492-78b5a4c84e0a,LOEXPMH2REDZZZZZ00,825
VKJWQKX,fd65d032-ddae-4c17-870b-b01e03c7bfd6,CHLAX55QPINZZZZZ00,386.67
UV2QQA6,abe2c8c3-16bb-4952-bd1b-dd8b467d39a9,BYRZ53R4ZZZZZZZZ00,45
DHBV9CY,0f3d5d7b-2b47-477d-b12b-cf2d6472d8dd,ABDC5434REDZZZZZ00,82.5
BDYYMEE,9a4db2ec-5277-4e96-b28c-03a6a158eec9,ABDC5434REDZZZZZ00,91.67
4B4ZGQF,a0455882-58d6-4582-b32a-d6f0f1308a47,CHLAX55QPINZZZZZ00,386.67
F6T6XKF,cb330d25-3833-4a28-a339-71324a4e5beb,LOE7HZEVBEIZZZZZ00,391.67
Q23K9RZ,4552f875-c3f4-44a2-bf34-e700a5f9aaa4,BYRZ53R4ZZZZZZZZ00,45
9UEGHHB,01833679-ba3f-4f33-b834-c1a6a673c88e,BYR2B739ZZZZZZZZ00,105.83
NZ3GHBY,73c8e44a-77b2-4b81-be7d-eecd44729e2e,BYR2B739ZZZZZZZZ00,105.83
MADQ5YB,38564c45-898b-405f-a6aa-5e88facfe70f,CHLAX55QPINZZZZZ00,386.67
69QSK82,f20980b2-1de9-4cf6-b3e3-b08451eb088c,ABDC5434REDZZZZZ00,91.67
E8AKF4Y,7a91fca4-84b4-4c86-a048-eefade4dbb23,BYR2B739ZZZZZZZZ00,105.83
XZAYHWZ,66062e41-323b-472b-8311-9a03f6d9d771,CELDA57FBCKZZZZZ00,150
PFC4V89,bbf11e8b-c932-4638-bc4a-0adac57f5f42,BYRZ53R4ZZZZZZZZ00,45
K264655,f862124d-4426-4867-9579-ec31748a1ea5,CELDA57FBCKZZZZZ00,150
3ZXYQX5,b5c9c889-2519-4abf-8344-2df3c07caf23,LJH2W32NZZZZZZZZ00,33.33
PXRKR6S,ae2e5677-53cf-4c7c-b910-5b03db2d2e71,FEU2UJ5BBCKZZZZZ00,442.5
SETSVVH,e1e64f3a-1fd7-472a-b237-0031523b106b,BYR2B739ZZZZZZZZ00,105.83
ZNEP9TR,5b33e9c7-cfe4-4746-ad56-5ad3e8ed3204,CELDA57FBCKZZZZZ00,150
9Z663BR,6159a51c-f043-46b3-9c44-ea10a2b6f6ec,LJH2W32NZZZZZZZZ00,33.33
XC55FSV,f5f860e2-d589-4036-b6d2-8529820607fd,LOE7HZEVBEIZZZZZ00,391.67
AP3UYP3,c8304261-7473-4768-a1b1-af5e2b929e3f,CELDA57FBCKZZZZZ00,150
EHX2UDB,a08a0eb8-0de3-49f5-b36b-c5559a6fd355,LOE7HZEVBEIZZZZZ00,391.67
SZVYUNW,eb9bb08f-974a-4922-9912-e515960a1edb,FEU2UJ5BBCKZZZZZ00,442.5
CTHWTC5,7ad7c945-60e5-4336-8866-eb4515e2bc1f,ABDC5434REDZZZZZ00,91.67
ZMRQ6D5,29df841b-408e-4ccb-ab75-3e43592ac1e9,BYR2B739ZZZZZZZZ00,105.83
AEMMUCZ,75687d22-eee5-4e89-a888-75ca2a5ae17e,ABDC5434REDZZZZZ00,82.5
VUSSHJW,2c2bcd87-030a-468d-ae49-cf67bf72406c,FEU2UJ5BBCKZZZZZ00,442.5
B5GKFT7,28b733f8-1156-46cc-a719-6b0922c9aecf,FEU2UJ5BBCKZZZZZ00,442.5
72DR8EN,9f5a2beb-ea5f-46f3-b924-18d289fa4b88,BYR2B739ZZZZZZZZ00,105.83
4B7C4DZ,dcb2757c-c2a5-4169-bc17-45b5058f898a,FEU2UJ5BBCKZZZZZ00,442.5
MXS2JQ8,b8f830f0-efa9-4754-b9b7-d9718fd2e161,FEU2UJ5BBCKZZZZZ00,442.5
Z7PV3Z4,6bfebdcb-fc38-4d65-9b7f-49a077e72d6b,CELDA57FBCKZZZZZ00,150
X3BNJGR,6b984124-cf69-4a35-b1bf-74db179b210c,ABDC5434REDZZZZZ00,41.67
5TKDTTA,9d54b2f0-9bfa-4fd8-9054-5f8dcdfa3e8b,CELDA57FBCKZZZZZ00,150
MQ76G7X,144c326d-bfa5-48cd-8b3d-1e76c6aa8b3a,FEU2UJ5BBCKZZZZZ00,442.5
AWJXFCY,32bc8ae3-13af-4eb8-9e1f-5e636f72fe90,BYR2B739ZZZZZZZZ00,105.83
MH2TZFR,75898950-f996-4c11-8ece-fef55fdeb62a,LOE7HZEVBEIZZZZZ00,391.67
RF6W4MN,1ea4f893-d21c-4e1e-a7c9-11f1bd7d6b85,CELDA57FBCKZZZZZ00,150
FNEEDZZ,7d1f9572-ddaa-4b04-a6c4-a29260534e9a,ABDC5434REDZZZZZ00,82.5
WFHRE46,9db4ff89-e41d-4cf6-a1fd-5eff447feb70,FEU2UJ5BBCKZZZZZ00,442.5
5736JE9,7b8cc190-a605-46f4-9c3b-b1cb1ccec793,ABDC5434REDZZZZZ00,82.5
HS4U8UG,f860e0cf-3209-4101-af5a-8390273ae660,ABDC5434REDZZZZZ00,82.5
CXBQE5Z,2e5156b1-5ee3-4111-9247-0e46bf129a3e,CHLAX55QPINZZZZZ00,386.67
6WYUUSR,835ee139-c79e-4e74-8375-e3b31ff707e3,LOEXPMH2REDZZZZZ00,825
UQDAXDD,4169fa70-d9c8-4f5e-a383-c19ea74b5a93,LJH2W32NZZZZZZZZ00,33.33
FJTT6QA,c247f8a0-de4d-49ab-a8da-61f728b566be,CHLAX55QPINZZZZZ00,386.67
8F22TAS,f37bb32f-9fd7-4a06-9dab-ad201408fb03,ABDC5434REDZZZZZ00,82.5
HH656RP,4cf8905f-9bde-4217-b313-cff61ebbefcb,CELDA57FBCKZZZZZ00,150
8WKRVJ4,8610c315-9713-46e0-8d29-b6c582c43225,CELDA57FBCKZZZZZ00,150
RAXPN4R,e6e51e41-453b-4be8-8305-c02c4e22c306,ABDC5434REDZZZZZ00,82.5
4VDGUYJ,5d5d707f-e7f8-44e9-a99b-73e9ac691f23,BYRZ53R4ZZZZZZZZ00,45
8SKXS6G,d748f59c-009a-4c5b-9d9e-2eee2c2c046c,ABDC5434REDZZZZZ00,82.5
9N9VZ9N,74352b77-4e2a-46b7-b413-372fcf940ae4,ABDC5434REDZZZZZ00,37.5
55BEDFJ,48795e48-a013-4aae-8f12-be6a53b0681b,ABDC5434REDZZZZZ00,82.5
BTT9SY6,f4c4fb68-43f1-40b3-9c63-6a9c4f371766,FEU2UJ5BBCKZZZZZ00,442.5
CWDAT9J,2e77fae1-b5f3-4ed9-8560-cc70a13b29a3,CELDA57FBCKZZZZZ00,150
CCG6UF7,7bcb64b7-ef75-40d5-add8-43b443151a8a,CHLAX55QPINZZZZZ00,386.67
QJKTWEF,772b70be-9f51-466a-bc73-f2a7f96db86c,BYRZ53R4ZZZZZZZZ00,45
EVK8GU9,f77989c1-069a-4bfc-afa8-bd1bf9ba87d2,BYR2B739ZZZZZZZZ00,105.83
GV6XU5Z,dbe14cb4-db46-4b8b-9bf5-43ed66053804,BYRZ53R4ZZZZZZZZ00,45
SCJMNFT,49ff4db4-9d29-4482-b525-1f31cc973218,CELDA57FBCKZZZZZ00,150
DD7ADAN,d373ae73-52f6-41bb-ad9a-2692edc8d63a,ABDC5434REDZZZZZ00,82.5
AN7Z6CA,0d3e0a83-8cd9-4588-ae4a-b7be07b937ff,CHLAX55QPINZZZZZ00,386.67
RFPMXAF,6dad6a7c-f615-4edd-ab36-c74c7c6c7907,ABDC5434REDZZZZZ00,82.5
NCVMYE3,24ab8277-6a6a-40a4-8526-11f24d4a2f85,LOEXPMH2REDZZZZZ00,825
KQZVNFK,7447f47a-07f8-4f19-872e-45bba6428a5a,LOEXPMH2REDZZZZZ00,825
4ESRTV3,194722ac-38aa-48f5-b202-8d9c1964a4df,CHLAX55QPINZZZZZ00,386.67
225ANEJ,00ddaeba-adeb-4d9f-93ef-cca57caf2296,LJH2W32NZZZZZZZZ00,33.33
7ME9XQW,33879cb0-f31c-418c-ac38-a34d057a3e82,LOE7HZEVBEIZZZZZ00,391.67
6XAXR5C,52f59755-b3ae-4f5e-90e8-e0ff17498df4,BYR2B739ZZZZZZZZ00,105.83
T4V8SYR,ccbda948-8c94-4137-844f-c1f45e0a5489,FEU2UJ5BBCKZZZZZ00,442.5
97XX5WG,8bd5f8d4-3131-4656-acc0-f010b82b9692,FEU2UJ5BBCKZZZZZ00,442.5
Q7VQMY3,67074aea-7415-42cf-8044-69b9992f2406,CELDA57FBCKZZZZZ00,150
WQBQQ94,8747afc3-aa46-489d-856b-20a640967ea7,ABDC5434REDZZZZZ00,37.5
3R3ZYFU,5112080d-b97b-4334-84c4-40f7a53e3538,ABDC5434REDZZZZZ00,91.67
5B7G4Y2,49b36bb3-747a-4eb7-838e-66c4cbbbd5e1,LJH2W32NZZZZZZZZ00,33.33
GMBKYZB,336039b0-0c83-4755-96f1-265518d5eaa0,CHLAX55QPINZZZZZ00,386.67
USN8CP7,7d70a66d-93d1-4716-b39f-e0a4a2b2e968,ABDC5434REDZZZZZ00,82.5
AF9B59P,d9cc30d1-8308-46e2-9c3c-4097e0ecd65e,BYR2B739ZZZZZZZZ00,105.83
RXU6EJ3,5e9a4551-967b-41d2-b84a-8003633db5b0,ABDC5434REDZZZZZ00,82.5
WPJ6ZWD,a8864182-29af-41d6-b91a-2513d605e3e1,LOE7HZEVBEIZZZZZ00,391.67
WMDGNDJ,bb8cc5b0-a19d-4c92-9b52-260817ec78a7,CTCJ7379BEIZZZZZ01,43.33
HVUS2QH,4887ab7f-48ea-4f0e-b13e-b6ebe488842f,LOE7HZEVBEIZZZZZ00,391.67
3VENV3T,0365abf5-a7a7-48e7-9ab3-9e1e035925c7,OFF84CJDWHTZZZZZ00,31.5
HAFMG2K,4f5a5b0b-6930-440f-bec8-a6f33304de49,LJH2W32NZZZZZZZZ00,33.33
5ZZZN6W,e16e4b16-26e2-457e-b6a1-12feff8e2cb1,ABDC5434REDZZZZZ00,91.67
DJF3J79,44911d6a-6fd3-4055-a263-0afb8a42fe55,ABDC5434REDZZZZZ00,82.5
J4NZEDR,0c4f09ea-d077-496e-97a9-e2da1dd1c787,LJH2W32NZZZZZZZZ00,33.33
X8MHSUJ,24438bf3-5767-44b3-8a6a-05fc5ffd5d26,FEU2UJ5BBCKZZZZZ00,442.5
XXBNXH6,8787ba5a-3752-4960-be30-bf3a179aed50,ABDC5434REDZZZZZ00,82.5
TNY4GNQ,0555f8b4-419a-4d2c-905a-441f6a085ddd,BYR2B739ZZZZZZZZ00,105.83
EWA88PD,4a49e1f9-6cf6-45ec-829b-60127f06fb64,CHLAX55QPINZZZZZ00,386.67
BBADCWM,ba5c7539-3ad5-4a17-b9c6-83ff1375c6b6,CELDA57FBCKZZZZZ00,150
TBZFSHQ,1364bfb1-bc95-4f3a-993c-f29fa24ad8cd,FEU2UJ5BBCKZZZZZ00,442.5
M86HPH5,4bdaa904-7e51-4758-80d4-58448b590628,ABDC5434REDZZZZZ00,82.5
GEZMRHM,21a74f28-b673-4c87-94f9-22207d42906a,BYR2B739ZZZZZZZZ00,105.83
CSE2WW3,6a614f1d-e732-458a-bb79-5c21c92c8985,BYRZ53R4ZZZZZZZZ00,45
DET3847,f566a5fc-0646-41d3-b18a-b201eac951f7,LOE7HZEVBEIZZZZZ00,391.67
QEQGGTB,7dda767a-13bd-4ce1-b871-db958c0b7416,ABDC5434REDZZZZZ00,82.5
G89U5UV,c09a8a36-5584-4b85-9212-9352755e7d9d,ABDC5434REDZZZZZ00,82.5
RKQJYD8,50a722ee-72ae-4106-b91e-9ec2d08183c5,BYR2B739ZZZZZZZZ00,105.83
NW2RYHM,71569eb4-0f46-4616-8f28-c2a6b8eb00ff,ABDC5434REDZZZZZ00,91.67
K5H685Q,9f87b1ca-66ca-45ef-a630-8112d9baa6ac,CHLAX55QPINZZZZZ00,386.67
EQT6XNB,25c4cc4f-7a7f-493b-a4b8-8444e6478c0e,BYR2B739ZZZZZZZZ00,105.83
CK8EJ2U,4bbc42a7-7faa-4595-b656-ef8ab8ba225e,ABDC5434REDZZZZZ00,82.5
DRRMJ6E,3484568d-00b3-4acf-ba3b-68331973d7ca,FEU2UJ5BBCKZZZZZ00,442.5
EGEAFVF,197cc18e-0bdf-414c-8827-c213cb07b49f,ABDC5434REDZZZZZ00,91.67
FKETQTX,547c61bb-b696-4b22-9c0a-952893f4839a,BYR2B739ZZZZZZZZ00,105.83
UTDSVD5,192a3576-1d64-412c-b979-bf0bfad062af,FEU2UJ5BBCKZZZZZ00,442.5
76PE58E,96dbf3bb-ffd3-4beb-aaf0-f8d802c5459b,ABDC5434REDZZZZZ00,82.5
CWSANAS,74b4da13-a1c0-43ca-af67-6974efe36db7,ABDC5434REDZZZZZ00,82.5
YZWKB79,2b37ebcf-b376-424b-b098-6a0bba47ffdf,BYRZ53R4ZZZZZZZZ00,45
KWCUZMU,d76a7eb0-34fa-49e1-91b9-f9414b39afca,CHLAX55QPINZZZZZ00,386.67
DDJSNHJ,3090dbc6-b476-4ca1-9018-b7cb6a209bfd,CELDA57FBCKZZZZZ00,150
DBWWKY7,669da736-e823-4a85-9794-7d39f9fcc767,LOE7HZEVBEIZZZZZ00,391.67
9Q4ZPNX,0a0d39c9-a544-445c-9ef0-76dcc79d62b6,CHLAX55QPINZZZZZ00,386.67
N868NBD,e64d07af-4f9f-4497-8964-72f1081e5629,CELDA57FBCKZZZZZ00,150
N7MHS4Z,8cc93217-ac39-4725-a6fb-1601753df086,LOEXPMH2REDZZZZZ00,825
AP26FJF,c26a9e00-d60e-4157-bd47-ee35150962a6,BYRZ53R4ZZZZZZZZ00,45
DSXJTZZ,652767e2-2b77-4d3d-8d41-59d6ad90acad,LJH2W32NZZZZZZZZ00,33.33
PPQXKY6,32be990e-fee3-44fc-a97d-e94b15dbb83b,LJH2W32NZZZZZZZZ00,33.33
AMP8K54,2e920401-c2d1-402a-99be-9f042276e519,LOE7HZEVBEIZZZZZ00,391.67
3EQPVKY,fe0d6e65-b05d-4f96-a6b1-bafc1926e9ba,FEU2UJ5BBCKZZZZZ00,442.5
23VUW4S,940b3198-cdf4-4aaa-830f-da73157207e5,BYR2B739ZZZZZZZZ00,105.83
4TGSBAR,ee909aa6-730e-4a83-8a5b-74966ac18e26,CHLAX55QPINZZZZZ00,386.67
BYPYBYM,0ff28f3a-7f83-4e24-82cc-9286ac4b547e,ABDC5434REDZZZZZ00,82.5
WT38Q3U,41f167fb-b8ce-4fbc-a6e4-1eb6fd05c240,CHLAX55QPINZZZZZ00,386.67
9TKM7MK,93a417f1-e2a7-4060-b34e-b8331409236b,LJH2W32NZZZZZZZZ00,33.33
8KHY3ZV,7be51138-f366-458b-91f8-c9348260e242,CELDA57FBCKZZZZZ00,150
VXDYR9E,72aa02dd-c180-4d92-b078-dfbe6645afdc,ABDC5434REDZZZZZ00,91.67
8X5W6QU,d0665180-d61f-4768-8451-b3fbe7bca8f6,LOE7HZEVBEIZZZZZ00,391.67
BDZ4CQ7,5fa62349-a32b-48f3-96d1-90cf9ce2575c,CELDA57FBCKZZZZZ00,150
SG63GX4,05cbbf96-c16b-49f3-bbb5-ef93c4b952a7,ABDC5434REDZZZZZ00,82.5
2N7E69Z,6376c2c4-8834-4bd3-b5c7-d65a8be6f702,BYR2B739ZZZZZZZZ00,105.83
VQRRRHW,70add029-e90b-4f95-a073-b9b7b3bb9c68,LOE7HZEVBEIZZZZZ00,391.67
X6MSJUD,f6f46878-a96c-495c-8d8a-d7014e89bc40,CTCJ7379BEIZZZZZ01,43.33
K3ZYHN2,bc38f5f3-da38-4b08-8e79-df9528bd0493,BYR2B739ZZZZZZZZ00,105.83
W8GP2KE,83def40b-e140-478f-8723-3e54da5d6d38,CELDA57FBCKZZZZZ00,150
NMDWCUW,eb9c48ca-6d02-4eee-9cb3-ef2f4493ddc1,CELDA57FBCKZZZZZ00,150
Q93CSA3,bb5e527d-c4ad-4560-8217-16de6a324ce8,BYR2B739ZZZZZZZZ00,105.83
DQB9WYG,451ea1d4-573d-480e-9cda-dea9b5d5c89b,BYR2B739ZZZZZZZZ00,105.83
H5KCYCG,044cdc0b-c0a6-4f56-b0e5-b43a35b4e676,LJH2W32NZZZZZZZZ00,33.33
UG929SZ,8b3a78d2-2cb8-4c89-8484-e395145be4f8,LJH2W32NZZZZZZZZ00,33.33
R4ZSSPU,4226880f-4b3d-4f66-aa52-5ba0e62a18f4,BYR2B739ZZZZZZZZ00,105.83
GTDHCX2,90f51ee5-7784-4cb1-886f-2e8cb26f3a8f,ABDC5434REDZZZZZ00,82.5
PW48ST9,6700d810-192a-4799-b1be-77ccbd2f0de6,CELDA57FBCKZZZZZ00,150
ESXVNB2,8c34223a-ffd1-43b3-b412-5649f783b075,BYR2B739ZZZZZZZZ00,105.83
8HJ3H7Z,3c7167e3-cbee-4379-b20d-e164c6ec68c5,CELDA57FBCKZZZZZ00,150
TF8MEVG,a00dc586-932c-4bb0-ae7d-4552b2f5d03e,BYR2B739ZZZZZZZZ00,105.83
765KQHK,ddb12492-19de-402b-bbeb-f052f0bd3bd6,BYR2B739ZZZZZZZZ00,105.83
RBYV8P8,394ee5fc-0bd2-4469-ac4e-fa519c2f9a10,BYRZ53R4ZZZZZZZZ00,45
CM8Z5XS,471d9ca8-523e-44b3-b888-49f7a21f2984,BYR2B739ZZZZZZZZ00,105.83
CECGWJF,800eb818-0c4e-44ac-bd95-76c413f2eaa6,ABDC5434REDZZZZZ00,82.5
P96YCXV,08145c2c-ad39-419d-a75a-2fd2813f936b,CELDA57FBCKZZZZZ00,150
EN9F3R8,910d4666-91b3-4304-b09d-b46b29ad25a0,LOE7HZEVBEIZZZZZ00,391.67
9CGE2A3,9898e248-e13b-4a3b-a010-cbe7187bdaa7,ABDC5434REDZZZZZ00,82.5
RRM25AZ,5600c481-d603-43ae-97a6-57d1f9de0c41,LJH2W32NZZZZZZZZ00,33.33
AGGBEFJ,c06b77ea-9777-4f8e-a51d-b2a1f3f05e50,FEU2UJ5BBCKZZZZZ00,442.5
ACNK4YT,1cdaa080-aa01-48d7-b818-4a375fc65d27,CHLAX55QPINZZZZZ00,386.67
KKMWTE5,b8f7c0c6-bb5e-431f-9560-70916d189b85,CELDA57FBCKZZZZZ00,150
7BXUYJK,2169387e-7962-44b5-aec3-e917911bf74e,CHLAX55QPINZZZZZ00,386.67
Z68YEC3,59bf6167-bf36-40cd-949b-6558e2cd4878,ABDC5434REDZZZZZ00,82.5
7GT34ER,815196a0-f852-4b50-bcfb-ae37f08a4bea,CHLAX55QPINZZZZZ00,386.67
2625DX2,63dd7fb6-74a9-4612-be74-66ca19813556,CHLAX55QPINZZZZZ00,386.67
M2QC5RW,f6d43416-663f-4eb3-b746-912a945b7db8,ABDC5434REDZZZZZ00,82.5
EKNJZVZ,6274c4b9-4bfa-41f8-abdf-80c9b3626c95,ABDC5434REDZZZZZ00,91.67
JHJP8VV,45f61880-adca-4fa6-ac13-c09b91bb7132,CELDA57FBCKZZZZZ00,150
5NKZ8W9,f1a93cea-683a-4394-9ea4-4df05f37f13b,ABDC5434REDZZZZZ00,82.5
4XPRACY,5b108448-de61-4168-b3e2-a1e038c28a3c,LJH2W32NZZZZZZZZ00,33.33
RD8378C,9e71a7eb-bd36-482a-a812-79c9e7e23e9d,BYR2B739ZZZZZZZZ00,105.83
Z4T3DGG,7993fd77-af26-4c60-b8bc-6a46afa74bbd,ABDC5434REDZZZZZ00,91.67
WWVK59Y,ee2bb59c-483a-4928-8863-8618f1d1ffb4,ABDC5434REDZZZZZ00,91.67
GXVKM63,0ecc6dd9-41df-4560-a38d-90362b7a6388,ABDC5434REDZZZZZ00,82.5
G2JD55B,1992200a-09bd-47ba-b1ab-a999bccbcf2d,FEU2UJ5BBCKZZZZZ00,442.5
4ZV9MRK,4ac27074-da0f-4419-9e40-81c6cd90468e,BYR2B739ZZZZZZZZ00,105.83
2R4KN56,da1fc1b7-ff29-49b8-bfb4-48f0064e7f60,CHLAX55QPINZZZZZ00,386.67
WHCTGW8,5bae8130-a019-4bdf-87df-590fdd097c56,BYRZ53R4ZZZZZZZZ00,45
VQEBBPH,cbdc1e12-0a0a-4001-a933-5cdb341da9e4,LJH2W32NZZZZZZZZ00,33.33
4ARS483,7915240b-22fd-4889-beac-3262f6bcabeb,BYR2B739ZZZZZZZZ00,105.83
WGJB78V,6d9e6e7d-96f4-434c-89e3-34e37e80de91,ABDC5434REDZZZZZ00,82.5
XQWH7S7,1383c45f-2605-4d08-94a4-ac8430dc5c5f,FEU2UJ5BBCKZZZZZ00,442.5
QHTXZ5R,4cfb9c53-14ff-4208-8c29-ea97e17ecd28,BYR2B739ZZZZZZZZ00,105.83
CBTMFJU,efc0a7ac-bdf1-4663-8ab6-fae954877dae,FEU2UJ5BBCKZZZZZ00,442.5
VF36KZE,6ea19f92-a67a-45b6-838f-b2f3e258f9c9,ABDC5434REDZZZZZ00,82.5
DKE4BV4,1b4ab787-ef9c-42d5-b424-e52ba65c0034,LOEXPMH2REDZZZZZ00,825
33BCMQW,61d452ec-36be-4249-9096-335e211da063,ABDC5434REDZZZZZ00,82.5
XKHVC5M,f022c0a0-877d-4340-ab37-ed134cc3e87f,LOEXPMH2REDZZZZZ00,825
QVNWG5R,16fa9cae-1fb7-4bf8-b180-aab70863a01e,ABDC5434REDZZZZZ00,82.5
W86TVN9,99bdc3fe-f564-4e3d-aecd-92e23d45890f,FEU2UJ5BBCKZZZZZ00,442.5
CDWMS4N,3d9ad5ca-c2b5-43b9-9ef8-8c960bcb262f,CHLAX55QPINZZZZZ00,386.67
Y7NWGF9,46c199da-8a25-4b17-8620-52877f230ae5,LJH2W32NZZZZZZZZ00,33.33
A9XD8X2,b776ca2c-8ba3-46c5-a011-1a5a3a9ffb38,LJH2W32NZZZZZZZZ00,33.33
ZUMKVTR,af055fb3-ab99-4422-b39b-710045554f04,CHLAX55QPINZZZZZ00,386.67
2ZC7F5Q,35026b92-cd89-45ea-9322-2d1db74ec0e4,CELDA57FBCKZZZZZ00,150
GEP3F26,a1efc2e2-b6b4-45a6-bc58-eacd43406f2a,BYR2B739ZZZZZZZZ00,105.83
TYS9GMB,8c37bcbc-97d0-439a-af67-e1b8523301c5,ABDC5434REDZZZZZ00,82.5
2FSPJ73,e1ccb173-3f1c-4c83-93b1-20743c88cfac,CHLAX55QPINZZZZZ00,386.67
UJXK2XE,6c8def78-794c-4adb-813e-a6cf3b78574f,CELDA57FBCKZZZZZ00,150
HWXZQSA,bb9e3f30-2aec-4b9a-83cf-539ecce37d9e,LOE7HZEVBEIZZZZZ00,391.67
8F8CEUA,e09e6c16-d7f6-4954-a3bd-9be1950a0d05,CHLAX55QPINZZZZZ00,386.67
E4H65US,0b4b2890-2c6d-4517-ae09-5c5929bd8c58,FEU2UJ5BBCKZZZZZ00,442.5
BGJG47M,0c5cad57-b2d3-4733-8428-e447510102f7,ABDC5434REDZZZZZ00,91.67
V8ZA9MA,bf304c4a-b0a7-4e85-81e9-b11640c9597c,AMQ33EN7BLUSI38500,354.17
FNJ7QWT,675e1687-b206-4b78-8297-dd6ad4ac2984,ABDC5434REDZZZZZ00,82.5
XWKQCSN,793f9472-07d6-4296-8281-7b9ac83db4db,ABDC5434REDZZZZZ00,91.67
BKPBSCT,e0966558-3b30-47ba-ab37-513e67d245c1,ABDC5434REDZZZZZ00,82.5
D4G5V4S,630347ed-9b33-4342-81e4-7a7323149ea7,LOEXPMH2REDZZZZZ00,825
4T48A99,e0eb942e-7c39-4254-ac28-dab2e28582a7,LOE7HZEVBEIZZZZZ00,391.67
D662MHV,bfb2ee57-e096-4704-b1ce-1f153f90e33d,ABDC5434REDZZZZZ00,91.67
4XREWS5,02bcf65b-dfd0-4b5d-963d-7538c0a9d9d7,FEU2UJ5BBCKZZZZZ00,442.5
MYKX8FS,cff98663-c0ec-43b8-aece-62ac00099441,BYR2B739ZZZZZZZZ00,105.83
8T6PU3Y,7c173b14-73db-44a7-b845-31fc2d9e9a2d,CELDA57FBCKZZZZZ00,150
BPWR4VB,bd428a36-f082-4971-b3be-410b87765560,ABDC5434REDZZZZZ00,82.5
A5QWDPK,3dcd8119-4116-4465-b1d5-f58eef682c46,FEU2UJ5BBCKZZZZZ00,442.5
YNEBUER,bab53543-49d2-497a-bf9b-20beaf07771c,ABDC5434REDZZZZZ00,82.5
MC4UZ2Z,7799b247-7401-4b54-986f-a3ff0dcb561f,BYRZ53R4ZZZZZZZZ00,45
3F87G9B,2f5d1088-125c-4d51-ac0a-cf7897f6b327,CELDA57FBCKZZZZZ00,150
G7RWUZS,4cf1b21e-60ac-4440-b56c-53d6adccd6f3,CHLAX55QPINZZZZZ00,386.67
93E7GXM,d3480902-a4db-4bf7-a279-0f24824c17e9,BYR2B739ZZZZZZZZ00,105.83
775FU9F,858794e8-87e4-4a2a-a989-b17b2d0c28e4,FEU2UJ5BBCKZZZZZ00,442.5
WRY75BB,92cd39d0-16c1-46b4-b29f-78748923dcaf,LJH2W32NZZZZZZZZ00,33.33
6QD5ZC3,945a342d-2471-4009-9f22-004671c9ce66,ABDC5434REDZZZZZ00,82.5
DYVVB8T,e1972110-ac06-446a-ae42-dd726647f849,LOE7HZEVBEIZZZZZ00,391.67
MJCRMDE,60a131d3-88fe-417c-95f3-540c061d94c9,CHLAX55QPINZZZZZ00,386.67
ARPZN87,b232e17e-937a-47ac-bc3c-f6a0759a09c0,CHLAX55QPINZZZZZ00,386.67
U2GG3F8,d64c3930-2d09-4c1e-9588-eb49652e45b3,CHLAX55QPINZZZZZ00,386.67
DNJBAQ3,89725019-9711-4740-8672-cb5af8d4ced6,FEU2UJ5BBCKZZZZZ00,442.5
2QA27U9,88f0476d-da55-4b3a-834f-00b1df4099ae,BYR2B739ZZZZZZZZ00,105.83
2TE2NKM,f824f650-11b1-4508-b194-06d651f2b8fa,ABDC5434REDZZZZZ00,91.67
NKSMVTH,8ea8be59-1f53-4fbd-8468-41a00e6fb58d,CELDA57FBCKZZZZZ00,150
BZXNGKX,3ab42995-f620-4cfb-9d23-c1445418ecf9,LOEXPMH2REDZZZZZ00,825
5SUNW8K,a4638433-1595-465f-9f35-df7190c0e246,BYR2B739ZZZZZZZZ00,105.83
EVPENKP,192b3889-e6a3-4498-952c-978cf1be454b,BYR2B739ZZZZZZZZ00,105.83
3ZARSZY,d68e1bb2-1ca6-4418-8a62-b37db022154e,ABDC5434REDZZZZZ00,82.5
RVNH8JA,d460173e-5a5e-41eb-9e9a-086a0948af57,CHLAX55QPINZZZZZ00,386.67
K9GT5A4,98e93a89-2ad3-4a2a-adff-a8b551d21c9d,CHLAX55QPINZZZZZ00,386.67
65U8CRE,3400e040-e0b6-42ef-ab1a-d35c50140765,LJH2W32NZZZZZZZZ00,33.33
B4K97SE,5f6db05a-ede6-4cee-b222-3b6e664c3f42,BYRZ53R4ZZZZZZZZ00,45
8BC3PZV,3cce056b-6dea-41bf-91e5-c85a8fff5191,LOE7HZEVBEIZZZZZ00,391.67
CVPN4DW,1d50afaa-615c-43de-b363-c3d14ef4d819,LOEXPMH2REDZZZZZ00,825
BKRY54N,b1a37049-e07b-4e93-8520-fec458cf9814,ABDC5434REDZZZZZ00,91.67
FJGFDJW,b3bf0971-00b6-4ef0-a918-30530815467c,ABDC5434REDZZZZZ00,82.5
XJTN57V,6a6a099e-fa11-48b5-a588-82391dd89895,BYR2B739ZZZZZZZZ00,105.83
KQNAAUA,11b6097d-7433-404b-9c2f-e545e52bdf0a,CELDA57FBCKZZZZZ00,150
X7TG5Q3,116b7108-e748-48f6-b7b9-d9d1fd570da7,CELDA57FBCKZZZZZ00,150
6AHAYKE,bffc85d5-55c7-411d-a510-cef60cb54e28,BYRZ53R4ZZZZZZZZ00,45
9U68ZS9,e64afd7e-c518-43f3-86c2-9a7333043697,ABDC5434REDZZZZZ00,82.5
3ETDUCG,b238e53f-ae85-4368-9e89-6be0b6269feb,CHLAX55QPINZZZZZ00,386.67
KFHQA4R,d9939e1a-cfd9-43d8-b12f-92fc98c8c1c7,CELDA57FBCKZZZZZ00,150
TNRXPK5,c595efcd-5f1d-431e-a111-f6f3a1641dd4,CHLAX55QPINZZZZZ00,386.67
FM7ENYE,0ff57ca1-b46a-4692-b4d9-381fc9f24aef,CHLAX55QPINZZZZZ00,386.67
993U9H7,7767bd1a-1c21-409d-8a59-47f91ffd092e,CELDA57FBCKZZZZZ00,150
4JADAAJ,59fc42ac-d414-417c-a27a-26689edfcf4a,CELDA57FBCKZZZZZ00,150
NWMPQW2,8abc4f32-c7ba-4103-a197-0cb4da1fab82,LOEXPMH2REDZZZZZ00,825
2GBE9VZ,a07744a4-4491-4902-99b1-843cb8250b3b,CHLAX55QPINZZZZZ00,386.67
5CA4F73,99266581-336e-40dd-b65a-8b26abffb994,ABDC5434REDZZZZZ00,82.5
729S3KN,c9b06a60-1b80-4d31-ac8a-e4902b543cc8,BYR2B739ZZZZZZZZ00,105.83
MPEUJFN,74c7537c-dc2e-475a-9029-0861167ac5bb,CELDA57FBCKZZZZZ00,150
557XH88,644c61cd-9930-4e75-b981-e23b9074db1a,BYR2B739ZZZZZZZZ00,105.83
Q5UE5BJ,07cf97e1-cb10-44d5-988d-b7dd034bdbaf,CELDA57FBCKZZZZZ00,150
3RVFJ2B,4f219b60-1e50-4f08-8148-9320b3be17ac,CELDA57FBCKZZZZZ00,150
3SS573V,f34095e2-f070-4399-9731-2940318097b4,CELDA57FBCKZZZZZ00,150
YCW53X7,a980cd80-c075-4ad6-ace0-2b54e7663b2f,ABDC5434REDZZZZZ00,82.5
PN24S6C,257b4b12-6564-4f56-9f59-3c1cd96e93a4,CELDA57FBCKZZZZZ00,150
8QAMRV2,b5f1cb29-79cb-467c-b7f2-bada5dfa2402,CHLAX55QPINZZZZZ00,386.67
87VABK4,165b1476-75e6-4c88-ba31-b97ac858b21f,ABDC5434REDZZZZZ00,82.5
MTQR8T5,8caa5ae0-1818-4a8e-9367-7ea9941e6d51,CELDA57FBCKZZZZZ00,150
R36ZZ2F,743da7b4-8e82-45ec-9487-7dd74dbbe7be,LOE7HZEVBEIZZZZZ00,391.67
CKK25EF,e977457f-1bf6-4707-aec3-076b1281b155,ABDC5434REDZZZZZ00,82.5
ND6XP5Y,38be24ab-6519-4e58-bdd2-c47f1d063a3f,ABDC5434REDZZZZZ00,82.5
UZS397U,524f53d3-27c9-43cc-8cd2-fd3d9968bf1c,CELDA57FBCKZZZZZ00,150
PGJUQFD,c5413a21-8849-4531-8d04-f2bd8e743356,BYR2B739ZZZZZZZZ00,105.83
MACTZNS,a6d0f311-cfe4-444b-bd9e-9b820a781c8f,BYRZ53R4ZZZZZZZZ00,45
WXRWGRN,756bf2fe-a5ad-4d4a-8bca-02bdc2d3b872,BYR2B739ZZZZZZZZ00,105.83
3U23X5H,c56b657a-5d8b-49f6-9443-2fb231390ef7,BYR2B739ZZZZZZZZ00,105.83
773MQA2,bf19545b-6b0c-409c-b1f3-38113cb14869,ABDC5434REDZZZZZ00,82.5
ZJ4A98T,b0c6b62c-9b4a-4007-b1ac-432bbfe739ea,FEU2UJ5BBCKZZZZZ00,442.5
47NMU7D,823b7888-423c-468d-9e24-169814b67c5a,CELDA57FBCKZZZZZ00,150
GWVDCYP,471dac6e-9ec4-44eb-854d-6d2909d8d75c,CTCJ7379BEIZZZZZ01,43.33
8SW9KJX,1bfbfc71-6b74-4081-a302-702eb34344a0,ABDC5434REDZZZZZ00,82.5
VWJACAD,57d0c3a0-0604-4756-a1f6-98c2c578eedd,FEU2UJ5BBCKZZZZZ00,442.5
NB7XY89,7c9ac1d4-0731-42ba-bc51-a63ccd765e09,ABDC5434REDZZZZZ00,82.5
68MYJPV,33758774-55bb-4afa-8ba1-7752cc32bbf6,FEU2UJ5BBCKZZZZZ00,442.5
VNB24DN,89f9e3bc-ba60-4474-a154-5c9aac06c98c,CHLAX55QPINZZZZZ00,386.67
UUKEZ34,426819d0-b9c7-4fe7-ba92-efd6eb58f8db,CTCJ7379BEIZZZZZ01,43.33
RP38AGD,2c5826bb-6c05-4492-bff2-9df1974c7ccb,FEU2UJ5BBCKZZZZZ00,442.5
QCCHV6A,36455968-a038-49d8-8c40-cd04d70060de,ABDC5434REDZZZZZ00,82.5
9KRSBH9,257e6510-d60d-45e8-a9b9-02494a633d9b,ABDC5434REDZZZZZ00,82.5
QJKKS3F,86853ddc-3669-42a5-8047-2ca8a39825b9,CHLAX55QPINZZZZZ00,386.67
6J86E47,6489fa3f-9edf-40a1-8bb4-ec6bb02ed472,LJH2W32NZZZZZZZZ00,33.33
RJMKJZN,14ff0943-55ad-4914-b1b9-17097d5d299d,ABDC5434REDZZZZZ00,82.5
W4WEQ2J,6eccc439-b27f-49fa-b77c-b1bf8aaad88d,ABDC5434REDZZZZZ00,91.67
CPH58FB,290a1a8f-51d2-478c-8549-5e4d5a89cf8e,BYR2B739ZZZZZZZZ00,105.83
RU66RS8,5d1bae42-34ee-4751-ad31-8072dcd64f0c,CELDA57FBCKZZZZZ00,150
P2QXH9X,2c3c1642-f6e3-4c8e-9308-9b1627a3bd9a,BYRZ53R4ZZZZZZZZ00,45
RPQB6RA,875b12b5-2564-4fa6-b82a-d1c318519289,FEU2UJ5BBCKZZZZZ00,442.5
UJDJZ3H,eae21edc-bc39-43ca-98eb-6ee37975baa5,CHLAX55QPINZZZZZ00,386.67
YDHKE3J,37cfba1d-bdc5-416f-a739-0fe8e468cb76,CHLAX55QPINZZZZZ00,386.67
6849M9C,29aaa0b3-14d3-479d-9cb1-1eac5aeb0c26,LJH2W32NZZZZZZZZ00,33.33
U4CHSEC,8f1f5756-4256-4976-ba03-aba2271718a9,FEU2UJ5BBCKZZZZZ00,442.5
3S8X2X5,a40890ae-19e9-42ea-a01e-588359108db2,FEU2UJ5BBCKZZZZZ00,442.5
7TRXQMS,a6e0c5dc-547b-42d6-8693-78024f714821,CELDA57FBCKZZZZZ00,150
4G2SAX7,2d315b84-8ed0-40ce-90a9-3cc858281e4c,ABDC5434REDZZZZZ00,82.5
JP4V8NC,f9f3532b-6577-49f0-933a-6ae69e3fc803,CHLAX55QPINZZZZZ00,386.67
MD7VC2V,810a93cb-1d9c-4679-b0e5-84039c689d57,CELDA57FBCKZZZZZ00,150
SEYMSX2,831582b0-dd37-4cd5-ac19-8bf72dea8691,CHLAX55QPINZZZZZ00,386.67
HBWWEDR,d16edeff-0e69-4ca7-a91f-1b42bf1eba99,BYR2B739ZZZZZZZZ00,105.83
CNZVKQ9,d9b1b23f-97a2-4519-8256-33d5788691ae,CTCJ7379BEIZZZZZ01,43.33
J5X78MV,efb0493e-af49-4706-9b10-2ca43f230444,BYR2B739ZZZZZZZZ00,105.83
8FCTPHG,80ee5a24-794f-4181-8d87-392cbf281fab,CHLAX55QPINZZZZZ00,386.67
KUPMGF4,3a4844af-1d20-4598-bd2e-7d1e7dce1552,LJH2W32NZZZZZZZZ00,33.33
Q3BH7B5,013885ff-6344-4bfa-a439-7ad66f84a567,BYR2B739ZZZZZZZZ00,105.83
FBVUSMM,37333fab-c5e7-4946-9e6b-588651068aea,ABDC5434REDZZZZZ00,82.5
DBSYKR4,dfe97c5b-8cb4-4fd6-9ec9-58241a625e77,BYR2B739ZZZZZZZZ00,105.83
U65BH7J,26c86b9c-960a-44a4-be27-4b7b45259c40,CHLAX55QPINZZZZZ00,386.67
8942MH7,3450fe07-8f7d-4a1b-9813-d1291b570dc9,CELDA57FBCKZZZZZ00,150
WWKTESN,d679ca1e-a274-4fc1-9336-b6bebf8f8a9f,CELDA57FBCKZZZZZ00,150
UZWNCN7,a9aade61-7187-4e55-bb7b-847a653188e8,FEU2UJ5BBCKZZZZZ00,442.5
CJ33JNE,60c5ea02-d213-44c5-8b86-7938f33533c1,ABDC5434REDZZZZZ00,82.5
M6GRPMY,8f61e398-47e8-4575-827d-d3b67704b86d,ABDC5434REDZZZZZ00,82.5
PZBK756,257fd072-a1f1-4985-b2f4-269608429c54,CHLAX55QPINZZZZZ00,386.67
BNK6HVT,77c05871-ffcf-40d8-97e2-7dde9041656c,CHLAX55QPINZZZZZ00,386.67
YHH65GB,705aef1c-f848-46a5-bf14-224d25e23878,ABDC5434REDZZZZZ00,82.5
9XG6QQN,e0714b0e-e8ea-4b36-b27f-cfa9ce87b84f,CELDA57FBCKZZZZZ00,150
2PH9PAF,f35d662b-6df6-49a0-9a62-ee3b6ec09ef1,CHLAX55QPINZZZZZ00,386.67
WWSN42T,8edee9a2-116d-4d4c-92b2-517f44ae8edb,ABDC5434REDZZZZZ00,91.67
DBJWNCV,2967097b-55ea-470d-ae24-97f79e1ea787,CELDA57FBCKZZZZZ00,150
DPGVHWE,3ca2ef49-9261-4218-b6ae-ab84c818f3fa,BYR2B739ZZZZZZZZ00,105.83
WM27GK4,6c35c70a-bfdf-4b2c-836c-72e9bcfb7aaf,CHLAX55QPINZZZZZ00,386.67
X67MYER,c37c6c24-88c5-465a-b6ad-930f24d5e7f4,CELDA57FBCKZZZZZ00,150
N5YJU2Z,f1f98c94-3810-4001-aaf4-bebbdb126ab6,LOEXPMH2REDZZZZZ00,825
TAJT4KH,e5ad4fb5-29c3-4338-941f-ca45fa8e6398,FEU2UJ5BBCKZZZZZ00,442.5
PD7D9D3,973fe59c-f925-4e8f-b841-8fda27dad3cb,CELDA57FBCKZZZZZ00,150
PNV9M7P,c807c5ad-74c5-4c82-bbf7-9d28d274bec4,CTCJ7379BEIZZZZZ01,43.33
FFPMYS6,8046ae5d-f980-4188-b6d0-6413b0aab9ea,FEU2UJ5BBCKZZZZZ00,442.5
7E97696,014a55ce-b5e4-4bb4-a4a9-b7deeac47b00,ABDC5434REDZZZZZ00,82.5
88KQ2Q5,80d9c09c-de43-437c-8eb6-0c186443d78a,CELDA57FBCKZZZZZ00,150
8XQ2SHM,2b1d398e-a93d-44ce-b84e-1879f86c7b28,BYRZ53R4ZZZZZZZZ00,45
Q2A923U,8ff3dfb3-e69d-40c3-a4be-267ddc541227,ABDC5434REDZZZZZ00,82.5
3AUSUYP,54056758-0d93-4b9a-bd40-800e439e8bda,LJH2W32NZZZZZZZZ00,33.33
WA3XP78,1b4e2bbe-9d8e-4824-88ea-6b2cc724bdc2,LJH2W32NZZZZZZZZ00,33.33
4K9NHMT,15448263-c1e0-4369-8929-707da2580418,LOEXPMH2REDZZZZZ00,825
QT46ZR9,42fd6c7f-fefa-43b3-a0d6-d673d4a73cc7,BYRZ53R4ZZZZZZZZ00,45
93KZ6AG,480fed77-c15c-486c-9215-3e0e4d3dfe51,BYR2B739ZZZZZZZZ00,105.83
9ZKJM3E,a2162895-56d7-449b-906a-4872f88fff22,ABDC5434REDZZZZZ00,82.5
489NY2Z,d20ac0de-70be-4211-90b7-b3cfb030d9f7,ABDC5434REDZZZZZ00,91.67
79FWV92,838f8ea1-53d5-4ea6-9751-e47da3cb2a00,FEU2UJ5BBCKZZZZZ00,442.5
SB7X8TM,488f68ee-2f87-446b-b5a6-9a7c4cbdb283,CHLAX55QPINZZZZZ00,386.67
AVWWGVY,a58faae1-436b-4c7f-a7cd-01fbadfd6eaa,LOEXPMH2REDZZZZZ00,825
QYJ6MZT,049007af-e5a8-4b58-a416-ec37153d812d,CELDA57FBCKZZZZZ00,150
N34BTYG,38e8d425-0543-4b1d-9e5b-2064f783395a,BYR2B739ZZZZZZZZ00,105.83
VGDHMRG,32273f4c-40b4-4076-af2d-5d02e8a42c49,CELDA57FBCKZZZZZ00,150
CWAUX8R,83e5041f-1f84-403c-9a32-90d89af62866,ABDC5434REDZZZZZ00,82.5
CXC6ZTH,537e165e-bbad-47fa-821a-b57c43800fb7,FEU2UJ5BBCKZZZZZ00,442.5
QYH9PUR,cbec9051-1c69-40dc-a9e8-b93a56406a78,LOE7HZEVBEIZZZZZ00,391.67
44TAAMY,d6c5cba7-e174-4c59-99f2-cbb4e878c308,CELDA57FBCKZZZZZ00,150
2M9MTUG,5fb18e10-5d74-469b-8db7-39940fc61d15,LOEXPMH2REDZZZZZ00,825
6MUG3FS,8b283138-343a-4299-9d25-88b6a41922d9,FEU2UJ5BBCKZZZZZ00,442.5
7B4DBEB,10285959-3ad3-4772-b586-a1df0090f493,BYR2B739ZZZZZZZZ00,105.83
HQE7HVS,30f9a6dd-697a-4fd3-857e-c24326833502,ABDC5434REDZZZZZ00,82.5
ZYYEZD4,61ab0418-af58-4c2b-8018-88b22cbcf877,FEU2UJ5BBCKZZZZZ00,442.5
RZ34FE2,99d92212-33ae-4490-9e59-4fb64a81cbd7,BYR2B739ZZZZZZZZ00,105.83
DFYV64R,6916818d-7445-428a-86ee-7148c3448f08,CEL93M8HBCKWF03600,1158.33
ZX26DAH,3d29e99f-c418-46cb-9465-2aaa77ec8536,BYRZ53R4ZZZZZZZZ00,45
MFP9BHY,ea4f8c91-4d60-4a48-807b-2302b62b766c,ABDC5434REDZZZZZ00,91.67
2RMW6AQ,be6256a7-9218-4eb1-b30c-c92cd5cf1002,CHLAX55QPINZZZZZ00,386.67
T8R5VSF,18dcef10-f7c1-47f9-8754-e6d2b321a5f5,CHLAX55QPINZZZZZ00,386.67
TBB679P,a0e6f419-2367-4e17-a603-41e5be73c44f,GIV7X7A9BEIZZZZZ00,1575
42CTP8P,d8f7db2e-b09a-4671-92a0-46a218c7b791,ABDC5434REDZZZZZ00,82.5
HU8P466,d06a05ab-b2be-437f-961a-3b94fe212c79,LJH2W32NZZZZZZZZ00,33.33
X9JV7JK,ea1121ef-5fb5-4c29-8158-faaa674d4dc5,ABDC5434REDZZZZZ00,82.5
Q2ZGHFU,ec9ad3bc-e2b3-47c6-8868-e0db863c60b7,FEU2UJ5BBCKZZZZZ00,442.5
CKBY5QA,654d8592-34b7-425c-9559-700abcc5a6af,BYRZ53R4ZZZZZZZZ00,45
YWXTNJW,f70d469b-1090-4f30-b6bd-ddda476d8a39,ABDC5434REDZZZZZ00,82.5
N8PDDE5,70457a22-c15b-4d1d-8421-b1e6e3d1207a,ABDC5434REDZZZZZ00,82.5
QRASXFF,cc1a4181-4e14-4c26-977a-2b6ecb1a71b6,BYR2B739ZZZZZZZZ00,105.83
5JAFXXN,a8b430ad-123a-46e9-8abd-6c9d342ff377,CELDA57FBCKZZZZZ00,150
H3NUMKX,110ff679-a73e-4e2d-bbe1-03fd0d14de9a,CELDA57FBCKZZZZZ00,150
F8VNNKB,32669c45-bf0d-4f75-a095-3b00cfd4d5e7,CELDA57FBCKZZZZZ00,150
XC5U2DM,71078923-2bbc-4729-a9ab-fb7d868be560,ABDC5434REDZZZZZ00,82.5
A58P3GC,9bbf5369-5385-4f41-a06e-5075ca4ffd81,ABDC5434REDZZZZZ00,82.5
PQA28HJ,628458f7-a400-433e-88d0-6444b47483c3,CELDA57FBCKZZZZZ00,150
3CH7MMK,ee7775d2-8e54-48d5-aeaf-288381c0733b,BYR2B739ZZZZZZZZ00,105.83
GNYWFP7,9e8d7ecf-b297-471e-a948-647f5a4705fa,ABDC5434REDZZZZZ00,82.5
E5APAX4,c6f45e0b-1622-4fc8-bd3a-6da56e002e40,BYR2B739ZZZZZZZZ00,105.83
CU28DZJ,abeda6de-c5af-4019-bf67-9ad35827925a,BYR2B739ZZZZZZZZ00,105.83
E3698VG,0943b5fd-3e52-4ef1-9931-ce0ae788d085,ABDC5434REDZZZZZ00,82.5
K69SXMG,dd8574f9-60b1-444e-ba69-9a91b953d49d,ABDC5434REDZZZZZ00,82.5
QG3P757,ac2ad14d-a766-4ca1-a683-ed8d91063451,CTCJ7379BEIZZZZZ01,43.33
QNC7RSQ,e306ed32-43af-4d8e-a464-f6beb914fac2,CELDA57FBCKZZZZZ00,150
GBF2N78,3aa5b4c9-a1bf-421a-a69e-9d71730b9b5d,ABDC5434REDZZZZZ00,82.5
9UHK6QR,de94d982-53a2-4349-8e1d-7cf768dd5820,LOEXPMH2REDZZZZZ00,825
ZFBCS54,ae608916-1c72-4437-bfb4-acdef447622d,LOEXPMH2REDZZZZZ00,825
R38VSDD,8ea0ac45-5c53-42fe-846b-07ac7c750c6c,ABDC5434REDZZZZZ00,91.67
JD3565E,2b9e0631-7b30-4a4b-be22-930606a059b1,CELDA57FBCKZZZZZ00,150
EUJWA76,a83f28e1-7064-43fc-b1af-9eb0132ae144,LJH2W32NZZZZZZZZ00,33.33
WRUM6P6,c8e851e5-9608-4511-908f-a4f8d34546f0,LOEXPMH2REDZZZZZ00,825
6ZTTYN7,5d61ef07-79c1-401d-9f2b-d9fef18db2d6,FEU2UJ5BBCKZZZZZ00,442.5
TXXT2YC,8c060dab-7c74-4711-95ad-21d949169fb5,ABDC5434REDZZZZZ00,91.67
ETG3ZHK,b9ee9244-c8b1-4426-acd6-768e5052166e,LJH2W32NZZZZZZZZ00,33.33
FDZPEVC,a9a25728-87e7-477b-939f-11fcb51ab511,LJH2W32NZZZZZZZZ00,33.33
F4XZPMS,13bb07ff-806b-4552-95bd-9d252fa80e04,LOEXPMH2REDZZZZZ00,825
MB2CBQ7,ba8595f4-30d0-4b80-ae18-cdffb197522b,LOEXPMH2REDZZZZZ00,825
DZBMW94,f2e42caa-c7c9-4e9c-9412-ab18e9d21fcc,ABDC5434REDZZZZZ00,91.67
7HJEDHN,c94077ae-f5cf-4205-90b7-b37fc99f7c63,CTCJ7379BEIZZZZZ01,43.33
PSEY7ZP,ee35368a-2ac4-4925-9fd0-6f5d53b1f20e,CHLAX55QPINZZZZZ00,386.67
R7N2TXV,72b93a43-2e9d-42ee-ae5f-6c35746a1bb8,FEU2UJ5BBCKZZZZZ00,442.5
P7MBUFQ,0cadd68d-005e-49d1-a6c5-636a120a97e5,CHLAX55QPINZZZZZ00,386.67
WZ6V8BT,739158ef-70d5-4383-8d9f-f30b9b0a41e6,ABDC5434REDZZZZZ00,82.5
UUE43QS,5631c803-4eba-477b-9bb1-846f124196d9,LJH2W32NZZZZZZZZ00,33.33
M6Q4DSE,92c1c298-666e-42b3-8626-c362553122d2,ABDC5434REDZZZZZ00,82.5
8E29A2W,1824d957-9dc8-48b6-8acd-fdbbeb6cec07,CELDA57FBCKZZZZZ00,150
93GSVZG,b124bbae-1cce-43a8-a6ff-98fd06ae2c95,BYR2B739ZZZZZZZZ00,105.83
HCUMYA5,da72c433-138b-4ed2-88c8-e48af82ac684,CHLAX55QPINZZZZZ00,386.67
QJD6FXJ,2cc79e38-0640-411a-8201-f30e03be8b1e,LOE7HZEVBEIZZZZZ00,391.67
HC7ZEP6,04d73bec-ecee-47d2-8aa1-268b85be9664,ABDC5434REDZZZZZ00,82.5
A93ZP43,8760daa9-8510-4362-96ef-da95f9aabfa9,FEU2UJ5BBCKZZZZZ00,442.5
DTEAP8U,6eefa218-9e39-48d1-99ce-f9b5f131ce1c,CHLAX55QPINZZZZZ00,386.67
JDESYJP,55487da0-952b-417f-acec-fe21fbe32fe1,ABDC5434REDZZZZZ00,82.5
C8ARTMB,b529ad47-f345-4a96-aa9b-1f0e22b38ea9,CELDA57FBCKZZZZZ00,150
E8PJWKG,331b56a8-9220-417c-af7b-83484dde4638,LJH2W32NZZZZZZZZ00,33.33
P7MGFZ7,3368f452-23c4-41c3-95bd-5fefc1bd2e82,CHLAX55QPINZZZZZ00,386.67
CA6DMU8,53612163-0094-4701-b81c-c72fe782e728,ABDC5434REDZZZZZ00,82.5
4JRHXHW,a8b8e56b-e701-4054-b4d0-63cc9fc80d76,BYRZ53R4ZZZZZZZZ00,45
AQKSVZW,c76f343a-7d61-4cda-9898-9e8e1a1f3f93,CHLAX55QPINZZZZZ00,386.67
CPQ6HJ7,b1644d50-d2ef-44b2-af0e-35187a751b83,ABDC5434REDZZZZZ00,82.5
T8TDYE4,b53bef49-9840-4811-8f66-3ddb3d599526,LOE7HZEVBEIZZZZZ00,391.67
6SNXVY3,827d1697-89b7-462c-a78c-73a73122fe4a,ABDC5434REDZZZZZ00,82.5
GZKGDST,48738c41-c377-4cb2-be62-d5d4b02da038,LOE7HZEVBEIZZZZZ00,391.67
J4EGYET,42bb73ac-5e0c-4a86-8fa3-c60bbe054d33,ABDC5434REDZZZZZ00,82.5
BGATAR4,8d98a6a5-6411-4ada-be5b-3b9327aff740,CELDA57FBCKZZZZZ00,150
33MMDVY,afbcb06f-5a2f-467b-838b-db9ad2b35960,GIV5524AOWHZZZZZ00,15833.33
33MMDVY,04086739-d202-4b1f-aa59-50fd5f675125,GIV5524AOWHZZZZZ00,15833.33
33MMDVY,627e9572-3539-452f-8f20-03b5a4b9aa99,GIV5524AOWHZZZZZ00,15833.33
33MMDVY,6c68febe-efa6-4f10-ad9c-27f659a3e5e1,GIV5524AOWHZZZZZ00,15833.33
33MMDVY,ba6fe2d3-86ae-49ac-800a-68e5475b2694,GIV5524AOWHZZZZZ00,15833.33
33MMDVY,a6369384-38b3-4116-94b9-057f0236c12b,GIV5524AOWHZZZZZ00,15833.33
33MMDVY,5d2b284e-ba0e-4d51-994e-de4cfca2375a,GIV5524AOWHZZZZZ00,15833.33
33MMDVY,99088118-210c-4030-93c1-b65bd3fc4671,GIV5524AOWHZZZZZ00,15833.33
33MMDVY,fa9b68c4-25bf-4a05-9957-11aaf8b59853,GIV5524AOWHZZZZZ00,15833.33
33MMDVY,3b6f993f-86a4-47bc-a198-c00d0c2ff71d,GIV5524AOWHZZZZZ00,15833.33
HG373V8,b484d06a-2420-4068-b8e9-3c9e9eeab86e,BYRZ53R4ZZZZZZZZ00,45
NCVDYBV,504a5a68-268d-4b81-9be4-b4ff2a0f9005,BYRZ53R4ZZZZZZZZ00,45
2C5AVN3,5e47dc22-9944-4752-b3f9-321eea2c7aac,ABDC5434REDZZZZZ00,82.5
HX9U3KB,d9177e40-35e3-4878-b68d-14e095dab2a6,ABDC5434REDZZZZZ00,41.67
EYS2EDM,eae4057b-537f-491a-8b25-c3edb2d53763,ABDC5434REDZZZZZ00,82.5
YSMJ952,1b3cc5df-9831-416e-8e77-3695c74b350b,FEU2UJ5BBCKZZZZZ00,442.5
WEQBCYM,ff8023f0-631c-4eb0-9def-41b906ffbef9,ABDC5434REDZZZZZ00,91.67
2X52T7B,7589edf0-c75c-492d-abed-8a38b0af666b,FEU2UJ5BBCKZZZZZ00,442.5
P2GW2MV,a6aa479f-b5cd-43c3-804e-8164a92f5d35,ABDC5434REDZZZZZ00,82.5
MF243Z4,690ef526-73da-43b9-bfde-18bd67147e5a,LJH2W32NZZZZZZZZ00,33.33
UBHNNBF,fec656cf-b2ba-4245-9851-eb00f4a642fd,FEU2UJ5BBCKZZZZZ00,442.5
338WU9Z,1b50ffc4-891b-420d-b9dc-865c33c47d10,LJH2W32NZZZZZZZZ00,33.33
3W9PQ6N,f01c59f8-1c80-4a79-ade6-a3fb560dd6ea,CHLAX55QPINZZZZZ00,386.67
4RHU85H,defa6b13-3acf-4d3c-9eb8-26532fe45942,LJH2W32NZZZZZZZZ00,33.33
S365HVH,4f277da2-005e-4352-9e08-a7f8d6bb95c8,ABDC5434REDZZZZZ00,91.67
UZGMQPH,a25f7a8e-8e28-4637-99ca-f2beb05117c2,ABDC5434REDZZZZZ00,82.5
BRYVRRB,824f05f4-cdbf-4f66-b115-9020ea149b79,FEU2UJ5BBCKZZZZZ00,442.5
T4X2ZXS,fb1793a0-c05d-4631-81d0-cd6e09113fe9,CHLAX55QPINZZZZZ00,386.67
3KX9KMJ,039fed85-d336-485c-92f7-936ce7291b68,FEU2UJ5BBCKZZZZZ00,442.5
RQPEFK2,cce67174-e049-4f65-a903-4d26b9411bef,ABDC5434REDZZZZZ00,82.5
6ZBBG36,3383ec39-4eb7-4fd9-86e6-a86ff867a6b2,ABDC5434REDZZZZZ00,91.67
P9EPW8H,e96da777-bf80-485b-9acb-52d2b49de906,ABDC5434REDZZZZZ00,82.5
BJ9GM6G,23049645-ab7a-439b-b7cd-39ac6001f9d3,BYR2B739ZZZZZZZZ00,105.83
G95C9N7,d9a3d8d2-c5f3-45ab-9dd6-bea8523ac4df,LOE7HZEVBEIZZZZZ00,391.67
S6KCFNN,efd5f77e-96e9-4137-8a6a-f8d801da25d6,BYRZ53R4ZZZZZZZZ00,45
6RYANUA,5a643c9f-46e1-46bb-9b4f-7fe1a6edb60f,LOEXPMH2REDZZZZZ00,825
3K3B5N2,f1bce3b4-9d16-40be-a349-003900d9669b,LOEXPMH2REDZZZZZ00,825
YZAF5X9,415a5090-7a5f-4cd0-b0f9-793607d3c3bf,CHLAX55QPINZZZZZ00,386.67
7ERH35Q,dc564546-0c7d-48d8-aefd-b6f4e844d395,FEU2UJ5BBCKZZZZZ00,442.5
24UATPH,47cc746d-c206-45af-8054-fab7deea55f8,BYR2B739ZZZZZZZZ00,105.83
JM9DK2J,e80218fc-972c-4dc3-b7b5-afd191a04a3a,CELDA57FBCKZZZZZ00,150
YRG9X9C,12d587c9-a76a-4553-9d9c-138c4dfcc403,ABDC5434REDZZZZZ00,82.5
ZQDE4FG,43d5ec77-4c4b-4676-97e7-cae005ac160a,LOE7HZEVBEIZZZZZ00,391.67
CJGQWA3,7362a329-734e-4cde-98d3-b14824e857f9,ABDC5434REDZZZZZ00,82.5
BC78Q2C,30229590-d0fd-472c-b941-8b13699b90f1,FEU2UJ5BBCKZZZZZ00,442.5
7N5D9NF,800d2c08-1159-4e2e-929b-dcfd16886468,ABDC5434REDZZZZZ00,82.5
P82SJY5,ec6adefd-75ee-4c35-a351-375f5e2a3b08,LJH2W32NZZZZZZZZ00,33.33
J3TEHPM,4b191e86-1216-4f94-9256-83ffad9fc14c,ABDC5434REDZZZZZ00,82.5
KFZX2YG,866131cd-230b-4b7f-8769-bdb517b9e988,CHLAX55QPINZZZZZ00,386.67
7ZVNWDH,01193374-9871-4981-83a3-6ddabdb598ea,LJH2W32NZZZZZZZZ00,33.33
NH278AB,97de0681-b247-49fa-bf28-3b8b572493fd,CELDA57FBCKZZZZZ00,150
EM2HDR6,bcf0cacb-f8dd-4dbd-bbe0-049c12fc110c,FEU2UJ5BBCKZZZZZ00,442.5
4K5MFKN,2a5eef52-d762-4f74-bf4e-afa168aa88dc,CHLAX55QPINZZZZZ00,386.67
5X8ABUG,d3efb2d3-5043-4f2c-9187-7d1078e7634f,LOE7HZEVBEIZZZZZ00,391.67
D2BNUMR,b1393f8c-1a5e-4ac2-9b2d-b544a13e1972,CHLAX55QPINZZZZZ00,386.67
EAMT69Y,b2ce6d3c-04f0-43c3-baa9-8737df76382b,CHLAX55QPINZZZZZ00,386.67
5AVA2K7,35dcc789-b214-4680-8094-19ef2b914ac1,CHLAX55QPINZZZZZ00,386.67
Z8GA3V7,533c69f4-9cb2-4b06-b053-5c1a220f3a89,BYR2B739ZZZZZZZZ00,105.83
WM6TMKD,2e9dcc83-776b-4ccb-985e-714e1fc643b9,ABDC5434REDZZZZZ00,82.5
JFTP883,39ba942e-2a53-41fb-82e7-95b57df65b96,BYR2B739ZZZZZZZZ00,105.83
377KN93,d939dc79-0a71-4c63-af03-5d4970c4ebe2,FEU2UJ5BBCKZZZZZ00,442.5
Q9F5VPX,74a94a9c-d337-46bd-ae44-9b626254dd59,FEU2UJ5BBCKZZZZZ00,442.5
X2TP24R,cdf4be11-67e7-482f-a71c-d6aedb22531f,ABDC5434REDZZZZZ00,82.5
36W3EAH,bcb0e8ea-5391-4c1c-9f1e-ab95f0e6034f,LOEXPMH2REDZZZZZ00,825
H7MQPED,0b8805a6-739a-4073-a042-ade7ade4dec3,CELDA57FBCKZZZZZ00,150
6N4MNUG,5a6adb65-7169-49fa-8cad-f8ee80c56205,ABDC5434REDZZZZZ00,82.5
EE6UK65,8b79e60f-c98f-40da-805b-441dda48f9a4,BYR2B739ZZZZZZZZ00,105.83
S7BCAA2,39e7dc83-1e06-46fa-832f-dc74b38b6f85,FEU2UJ5BBCKZZZZZ00,442.5
KDFQ6DK,c96b32be-2da9-4515-8861-5dd28f826971,LOE7HZEVBEIZZZZZ00,391.67
RN7TR46,b65ffab5-76e3-4ace-aa0c-af80c021bd66,LOE7HZEVBEIZZZZZ00,391.67
PDJ5UAK,de4aecb9-8967-410c-b337-f8fbd5c1a06b,LOEXPMH2REDZZZZZ00,825
4UVX4UT,bf485d4f-f87a-4391-9b2d-6a26231d2c6b,CELDA57FBCKZZZZZ00,150
6V5A5NY,cd5cf167-01d1-4d7c-9ed9-1e61368f0fda,LOE7HZEVBEIZZZZZ00,391.67
7WYZ5BG,8495713c-81d3-426e-8a5a-6d3b00d7fcdb,CHLAX55QPINZZZZZ00,386.67
AUBM89D,cddb9f28-2f20-414c-8a82-ae3362c6d941,ABDC5434REDZZZZZ00,82.5
ET9Z73S,ed79eeba-40af-4b0f-929d-5814638cab4f,BYR2B739ZZZZZZZZ00,105.83
PNQ97AB,6539fc97-9873-45a1-9bdf-5b39b375a07c,CELDA57FBCKZZZZZ00,150
HB6W5VS,f4c00bee-0d2d-4e71-94fe-73ccee1b8d12,OFF84CJDWHTZZZZZ00,31.5
4JREZ4F,369d9efa-0055-473c-b134-66a40b7404a7,FEU2UJ5BBCKZZZZZ00,442.5
NUMZTCQ,1639efd8-b125-4b51-ae8e-404dbb3f0f25,CELDA57FBCKZZZZZ00,150
CC7VDN3,ba41b5e1-88b1-421c-84d9-1f5e1497d2c5,AMQ33EN7BLUSI38500,354.17
5NC97N9,f9b83338-d54d-4298-8d44-9d9bfbd6d114,CHLAX55QPINZZZZZ00,386.67
E5DQX3P,506c5af7-fcaf-4364-aa22-0d3ee536fbdc,CHLAX55QPINZZZZZ00,386.67
4BRK98S,98d39ed5-2938-4ff7-80ad-4b0049d219ba,LOEXPMH2REDZZZZZ00,825
VAYRCX7,708613f7-2d2d-421f-96b3-d12c39e36109,CELDA57FBCKZZZZZ00,150
STUA5WJ,d06b8a32-f8a1-462f-a578-d2b1674d5261,BYR2B739ZZZZZZZZ00,105.83
U7EFHA6,ecbc2e4d-aa14-4c92-9637-f386c28af964,CHLAX55QPINZZZZZ00,386.67
K8S72UN,a0ca527b-939b-4bc8-b88a-afb08c259482,ABDC5434REDZZZZZ00,82.5
YFS5C3C,def8b2fe-81c8-4bfd-b329-630692454529,BYRZ53R4ZZZZZZZZ00,45
GVG5W3J,97d37738-c57a-4665-a616-18f9e18d260c,LOE7HZEVBEIZZZZZ00,391.67
36KC24A,19a8dca4-30af-4f4e-85b8-a1a65b558bd9,ABDC5434REDZZZZZ00,82.5
MTE8A5A,ffbbc060-a4ca-47f9-905e-02c55b661f2a,CHLAX55QPINZZZZZ00,386.67
CYDSH6U,54c5deff-1396-4254-a092-6ef6539969a8,CTCJ7379BEIZZZZZ01,43.33
FPCNGTF,e182e15a-37ac-475d-b90b-9158ad400e8e,CHLAX55QPINZZZZZ00,386.67
ENU8PNZ,c2b02255-1789-450a-9ee4-b1e8f3869deb,FEU2UJ5BBCKZZZZZ00,442.5
ZNRX2XQ,ad3ea5c0-1127-49d0-ac2d-2cf6395ec95c,LJH2W32NZZZZZZZZ00,33.33
JWR9HFD,874c44da-7808-44d8-8f55-6c59485e4cb5,ABDC5434REDZZZZZ00,91.67
4H94NR7,96543a9e-659d-4c22-9269-51c398797e04,ABDC5434REDZZZZZ00,82.5
F7QBSX3,5a0ee486-449c-49a6-b2f1-addd43866c6e,ABDC5434REDZZZZZ00,82.5
Y6QHFFK,20911cac-576c-4b59-a677-e04c9fd1963d,ABDC5434REDZZZZZ00,82.5
642PZHT,d3fe02ef-7707-4585-bcd2-759962f9c6de,FEU2UJ5BBCKZZZZZ00,442.5
ERDXSME,40db9b9c-d3a6-45ff-8488-20431c8d6966,LJH2W32NZZZZZZZZ00,33.33
GGCRBTP,29742ce2-e5f7-4754-8d68-8dfceb2d4f12,FEU2UJ5BBCKZZZZZ00,442.5
BPUEX3B,c6683f67-9a46-46be-a0b3-84ca25308641,CHLAX55QPINZZZZZ00,386.67
G9EKBSF,e1f7fc60-4392-4777-a481-d6d5dc5fe042,ABDC5434REDZZZZZ00,82.5
JA2RXK5,7066fa63-c56c-4e35-9280-b5d4cfe9a5fa,CHLAX55QPINZZZZZ00,386.67
PEDT8YM,1cd04292-11c6-4760-b4a1-e075a063c6d8,CELDA57FBCKZZZZZ00,150
HCVV5NC,0d52c417-33ef-4bfe-978f-062fb90a6308,CTCJ7379BEIZZZZZ01,43.33
3HB3G7Z,146911a5-7c37-42c0-8439-f24f175a3742,CHLAX55QPINZZZZZ00,386.67
NVM3FZQ,8af169fd-2e4e-4737-8bdd-281847b607c3,LOE7HZEVBEIZZZZZ00,391.67
JG7F4VC,c8d3caae-4e93-40a2-b99b-ff98acf181f9,CHLAX55QPINZZZZZ00,386.67
VTHR9AQ,4bf35bb8-f40d-410c-8bbb-7e45bdd645fb,ABDC5434REDZZZZZ00,91.67
78M7RSP,a3c3f3df-17a4-409a-b924-468378b3a19e,CHLAX55QPINZZZZZ00,386.67
W4RS4Z7,4d359864-43ee-45c1-9f44-dde7ce9ae556,CELDA57FBCKZZZZZ00,150
68FUHNK,e87b1019-a4ea-49d9-bc02-95957c155e25,BYR2B739ZZZZZZZZ00,105.83
BF74SVT,3d906738-b8f0-443b-9b3c-46229d873a87,BYRZ53R4ZZZZZZZZ00,45
JXDWBJ8,b880f629-7817-4ed4-b126-6c9ea0b308cf,LOE7HZEVBEIZZZZZ00,391.67
9C82JZE,bed652ae-d09f-4108-9cc7-d36f0342b4c5,FEU2UJ5BBCKZZZZZ00,442.5
PTER47C,ce30b9e2-c788-46b0-80fb-70d1453008c6,BYR2B739ZZZZZZZZ00,105.83
ET95S7Z,35803830-7d23-4f1e-9e1e-ca2f2dd7bc70,BYR2B739ZZZZZZZZ00,105.83
8DTCFEY,69cd8806-9c63-489f-abe9-cbf6c169193c,CHLAX55QPINZZZZZ00,386.67
FFZGK6W,17cb7164-592f-4951-a50c-7b01600138bf,LOE7HZEVBEIZZZZZ00,391.67
ZW3ABGB,141b022f-ec83-4cd6-8f71-7c5289ba4ce3,CELDA57FBCKZZZZZ00,150
CTBBHHU,80ad035e-f7ca-46ec-b117-f0040dbfcadb,LJH2W32NZZZZZZZZ00,33.33
ZZ7SSBY,3412168e-543c-4b9f-9f11-af96a1bf35e0,FEU2UJ5BBCKZZZZZ00,442.5
H9FTGUP,5d8c805f-4ce0-4972-b36e-91ebb35a5369,ABDC5434REDZZZZZ00,82.5
8XFBGR9,f318e1fc-6eb4-4a1b-94b3-a47852861040,CHLAX55QPINZZZZZ00,386.67
R65QZMR,4039a3ab-927b-41de-824c-185079bf0a25,FEU2UJ5BBCKZZZZZ00,442.5
UCJ3RN8,b350d8e2-b6c0-4663-bddd-d945fa90cc9b,ABDC5434REDZZZZZ00,82.5
BPZUMRX,7ad26022-5fda-4656-ac08-78ee558f9b8d,CHLAX55QPINZZZZZ00,386.67
H8PNQDD,111cc4ae-91d5-426b-9ec6-e82b1236680d,ABDC5434REDZZZZZ00,82.5
BWGC4XG,730463c9-4f41-4db9-bedd-5bb4da8f94f7,ABDC5434REDZZZZZ00,91.67
BW4UGMX,a7c005d0-4ce2-4c79-a19d-392069e453c9,LOE7HZEVBEIZZZZZ00,391.67
RFCDYF6,faf83cbf-7685-41f9-b567-b96602e33b7b,BYRZ53R4ZZZZZZZZ00,45
YCC47VR,e26dd9d5-87c5-4e96-be56-1e039515625b,LJH2W32NZZZZZZZZ00,33.33
AB7PYHC,8f29b4b2-74de-4532-8926-575d37f7e62e,ABDC5434REDZZZZZ00,82.5
N7RGAEP,998faa49-49cb-447f-aa6d-ee558e682e3c,CELDA57FBCKZZZZZ00,150
N9YW4SD,b4ae158e-76a0-42db-a413-663434ba6912,ABDC5434REDZZZZZ00,91.67
H2NK37G,cd05c3f9-2096-4001-b309-11d64597f111,LJH2W32NZZZZZZZZ00,33.33
A9U2RQX,a0fe579d-71f8-48c9-a3c6-303d5ebaf5f7,ABDC5434REDZZZZZ00,82.5
QFR9N6M,87f54de0-6497-4565-aa14-183afc5c6817,LOEXPMH2REDZZZZZ00,825
4TA4PXQ,9c313633-fbf0-4025-9f81-1ed6cb6be0aa,LJH2W32NZZZZZZZZ00,33.33
S4DZ8PN,dd010576-a689-4c72-8512-a252a03d8560,ABDC5434REDZZZZZ00,82.5
EVMSV5Z,aa228ac3-7865-43d3-a0e5-1251b5aa6aee,ABDC5434REDZZZZZ00,82.5
Q6H9E3M,06740306-2b40-4704-aa66-b503bcb342aa,ABDC5434REDZZZZZ00,82.5
KJ3XZSX,7de85922-a6ec-4018-84c6-8e5b3ed556a7,LOEXPMH2REDZZZZZ00,825
AK9FTHK,cc6934b7-3445-43df-ae3f-257fd3d1e8db,LJH2W32NZZZZZZZZ00,33.33
P2KBQ98,6799067c-5407-4306-96bd-fe184d4cec39,CELDA57FBCKZZZZZ00,150
7B33MMU,7b94a53c-d0ea-4ceb-9c75-6086f5bca7a6,CHLAX55QPINZZZZZ00,386.67
3KXC7SC,e02d9c15-70d0-41fd-9794-c1d02b9dabd8,CELDA57FBCKZZZZZ00,150